-- Generation time: Mon, 28 Sep 2020 15:24:23 +0000
-- Host: mysql.hostinger.ro
-- DB name: u574849695_25
/*!40030 SET NAMES UTF8 */;
/*!40101 SET @OLD_CHARACTER_SET_CLIENT=@@CHARACTER_SET_CLIENT */;
/*!40101 SET @OLD_CHARACTER_SET_RESULTS=@@CHARACTER_SET_RESULTS */;
/*!40101 SET @OLD_COLLATION_CONNECTION=@@COLLATION_CONNECTION */;
/*!40103 SET @OLD_TIME_ZONE=@@TIME_ZONE */;
/*!40103 SET TIME_ZONE='+00:00' */;
/*!40014 SET @OLD_UNIQUE_CHECKS=@@UNIQUE_CHECKS, UNIQUE_CHECKS=0 */;
/*!40014 SET @OLD_FOREIGN_KEY_CHECKS=@@FOREIGN_KEY_CHECKS, FOREIGN_KEY_CHECKS=0 */;
/*!40101 SET @OLD_SQL_MODE=@@SQL_MODE, SQL_MODE='NO_AUTO_VALUE_ON_ZERO' */;
/*!40111 SET @OLD_SQL_NOTES=@@SQL_NOTES, SQL_NOTES=0 */;

drop database if exists snet1509_filldb;
create database snet1509_filldb;

use snet1509_filldb;

DROP TABLE IF EXISTS `users`;
CREATE TABLE `users` (
  `id` bigint(20) unsigned NOT NULL AUTO_INCREMENT,
  `name` varchar(50) COLLATE utf8_unicode_ci DEFAULT NULL,
  `surname` varchar(50) COLLATE utf8_unicode_ci DEFAULT NULL,
  `email` varchar(120) COLLATE utf8_unicode_ci DEFAULT NULL,
  `phone` bigint(20) DEFAULT NULL,
  `gender` char(1) COLLATE utf8_unicode_ci DEFAULT NULL,
  `birthday` date DEFAULT NULL,
  `hometown` varchar(50) COLLATE utf8_unicode_ci DEFAULT NULL,
  `photo_id` bigint(20) unsigned DEFAULT NULL,
  `pass` char(50) COLLATE utf8_unicode_ci DEFAULT NULL,
  `created_at` datetime DEFAULT current_timestamp(),
  PRIMARY KEY (`id`),
  UNIQUE KEY `email` (`email`),
  KEY `phone` (`phone`),
  KEY `email_2` (`email`),
  KEY `name` (`name`,`surname`)
) ENGINE=InnoDB AUTO_INCREMENT=101 DEFAULT CHARSET=utf8 COLLATE=utf8_unicode_ci;

INSERT INTO `users` VALUES ('1','ipsa','rerum','gutmann.bulah@example.net','9','m','1983-12-25','facere','5','e5908d3ea23c6b13f8876282fe20c2a6','1974-01-01 10:20:27'),
('2','maiores','sed','emmie.hessel@example.com','0','m','1972-01-04','iste','9','54abdb65ebbd1c814f89ba7bd2f3cbbf','2011-12-01 06:56:04'),
('3','voluptatem','ut','arne21@example.org','2228813744','f','1988-01-17','ducimus','8','96225e109d26742d7e983664b89a2f45','1988-09-22 21:20:56'),
('4','cumque','cumque','ystoltenberg@example.net','64','f','1980-06-24','quo','3','86822290474ce363bffc34878ee46bc3','1972-01-22 15:39:23'),
('5','est','praesentium','gennaro82@example.com','710552','f','2000-03-28','autem','7','eb59163cd10263dfe54bb601ad00d2ef','1988-09-10 22:48:15'),
('6','quo','exercitationem','kaycee.bergstrom@example.net','0','f','1981-06-01','ratione','2','a8f508b0950a2ef7869eed4b6d724ab0','1986-09-22 13:55:45'),
('7','quaerat','excepturi','cjohns@example.com','142','m','2017-12-31','rerum','5','51f5a0fa02fcaf7de0af7607bf3a7849','2008-08-10 07:02:16'),
('8','et','officia','wkoch@example.com','1','m','1978-11-24','magni','1','f439878fda795ac94d4ba9d3932b0677','2002-04-23 12:44:18'),
('9','similique','laborum','sharvey@example.net','1','f','2003-01-17','cumque','8','28ba0659c7a2f4d59fb0d550d8831dbb','2018-01-27 13:43:42'),
('10','quaerat','reprehenderit','kuphal.jaquan@example.net','1','m','2000-09-18','alias','5','ed7d9e3ffff9ac486085edfed604083d','1998-11-18 11:01:02'),
('11','asperiores','aspernatur','bauch.eloise@example.org','505','f','1974-09-28','qui','2','344611a142e73080e63e6c62a8194582','2009-04-15 02:16:25'),
('12','quibusdam','quam','welch.jasper@example.com','1','f','1996-09-24','culpa','2','8db9dfc3e8dd4bfbe0fbab322848e404','2004-01-17 10:30:06'),
('13','et','illo','ebert.kristoffer@example.org','202','f','2019-01-21','possimus','6','4b61b207e8f48a96aeace24718ecba76','1970-02-02 19:10:19'),
('14','reiciendis','eveniet','annie.langworth@example.com','0','m','1995-01-09','nulla','1','98a14e2a53970d2e6f05f40d2e417d23','1996-12-02 21:22:12'),
('15','enim','impedit','maiya.jacobs@example.com','1','m','1990-11-01','sit','7','a117bf15b80dbbb2cbeabf909097d125','1996-08-03 13:06:39'),
('16','rerum','ut','aufderhar.lauren@example.org','484653','f','1986-02-07','ut','3','5bc2032905aea895af305534f3cdb48e','2016-01-10 04:28:00'),
('17','nobis','dolorem','mcclure.adrain@example.net','37657','m','1997-04-03','enim','0','43ee12c7f817492f2835aeb56f1bb972','2009-03-30 08:59:04'),
('18','consequatur','velit','chance06@example.net','652','f','1973-04-25','placeat','3','183c92b43aa1ab3ffd3dbf3808ee6103','2013-05-10 06:26:57'),
('19','facere','delectus','dicki.raegan@example.org','1','m','1978-01-20','saepe','3','db3c5cfb98306caca253011d1a69f757','2012-02-21 16:59:11'),
('20','eos','et','jesse82@example.net','15','m','1986-11-27','dicta','1','40eb634b4c6f61d16df4c4dff22288a4','2013-04-08 13:26:58'),
('21','occaecati','culpa','ruecker.neal@example.org','1','m','1979-06-03','earum','6','cd6abfa2e50e5edae6650a0c7883439b','2018-05-02 09:25:24'),
('22','quisquam','sunt','pagac.gayle@example.org','708301','f','2006-12-26','neque','7','1fc1a8669d6010f1a22723c0c3f0f426','2009-01-07 13:48:50'),
('23','perferendis','quibusdam','dlittel@example.org','0','m','2017-06-15','fugiat','6','391aeae13f919fe063adae4f1562e87d','1994-01-28 01:12:16'),
('24','quia','omnis','modesta.oberbrunner@example.org','906885','f','1978-11-07','placeat','1','6971d0d66fc15bfa890609d0eeffcd8d','1973-06-15 07:56:24'),
('25','corporis','eligendi','alessia63@example.com','179568','m','1982-03-19','praesentium','3','d19ad0e398a95b8540a1d446b8df5967','1978-12-16 02:37:14'),
('26','architecto','illo','renner.lessie@example.com','1','m','1975-07-26','qui','2','f5f9bd3bcf05dd60f66723075e41b702','1985-02-07 03:15:16'),
('27','id','sint','geovanni91@example.com','0','f','1982-12-28','quia','1','64f5bda282cf507ad3a9da68cd76f7af','2007-03-30 14:43:30'),
('28','et','quae','jdaugherty@example.org','0','f','1992-01-10','et','1','f082219d50804d92fe4201da38a82d0a','1976-03-12 10:34:38'),
('29','dolores','omnis','bradford68@example.org','869','f','1987-03-20','excepturi','3','74d044c47aae2a69d636699de9b912f5','1996-03-02 12:13:00'),
('30','velit','et','elenor.upton@example.net','529965','f','2018-04-08','esse','4','4a98c216f6832522923e59ad2256ef3d','2006-03-10 06:20:39'),
('31','eos','consectetur','zzulauf@example.com','276','f','1993-07-29','et','3','18016b84746bc7ca458fe7ef009fae49','2000-06-29 08:30:35'),
('32','sit','neque','adell.koelpin@example.net','0','m','2014-08-18','iusto','9','4909e336614065cc9c2cd51263fcdbbb','1980-08-08 22:21:11'),
('33','nisi','fugiat','deshaun.schulist@example.net','0','m','2015-08-04','nam','7','4547ec3650297ceb2a4d158cea26aa11','1993-08-15 00:48:39'),
('34','beatae','labore','gkuhic@example.com','347','m','2018-02-08','iure','7','8f98991c9a14b3d6c86fbd896cfe3aa0','1995-04-30 19:39:48'),
('35','incidunt','ab','kelley.bins@example.com','174','m','1991-02-04','deleniti','7','43bd2a28af27cb3f4b6010d930f799a9','2015-05-02 07:34:30'),
('36','sapiente','et','schuppe.telly@example.net','1','m','1995-04-19','velit','6','0df4ffa377d6815fce36ead3415ebdc0','2001-10-20 19:27:50'),
('37','autem','et','damion.barton@example.org','0','f','1988-08-03','omnis','8','2999c64437c64b5209cb3aaa16d709a7','1984-11-04 14:43:47'),
('38','molestiae','corrupti','olarson@example.net','891','f','1993-05-27','voluptatem','6','3bb8c290c0c95213834490b8fb369f56','2017-06-02 01:12:37'),
('39','numquam','voluptatem','bpowlowski@example.com','9964325833','m','1999-07-30','quia','0','98a74d624549fc8f7111e6cb8904e1ec','2000-02-07 06:38:38'),
('40','nihil','omnis','godfrey52@example.net','4886364948','m','1998-05-11','impedit','0','d733c228594062f5cac7134efd8a9089','1992-12-12 05:12:11'),
('41','velit','minus','chyna70@example.net','352262','m','1979-07-04','nesciunt','6','73176dce3a2008923b04ea0d2bb827ef','1970-04-11 05:57:17'),
('42','nesciunt','sapiente','ivah.lemke@example.net','0','f','1985-12-04','vero','3','7ab9544f267ade16d6a4bd0b9cee332f','1983-06-18 13:24:37'),
('43','molestiae','qui','konopelski.augustus@example.org','440490','f','1994-03-01','quibusdam','0','60acbc747b07573f478ad42922f5a517','1983-06-06 10:48:48'),
('44','occaecati','veniam','roberts.clotilde@example.net','1','m','1995-10-26','dolorum','9','2241c8847e6724269b80e0bc14fe4b22','2003-10-30 22:30:47'),
('45','sed','modi','angelica94@example.com','8307249313','m','2016-05-15','tenetur','7','777723011e345c391bc408268de343cd','2011-01-13 07:13:38'),
('46','quod','enim','eichmann.irving@example.org','378037','f','1988-11-14','dignissimos','6','5558422cdf7908fbb43ab6d2c30ce4ce','2010-01-10 01:28:56'),
('47','necessitatibus','sed','pink51@example.com','591','m','1970-03-09','quos','3','90b453cd3b899a4dcb3aa95883c18101','2007-02-20 02:57:36'),
('48','facere','deleniti','schuyler.ortiz@example.net','493283','f','1977-02-24','numquam','9','f58ff00a86cfdbd362d08bf370996c7d','1975-10-28 02:03:46'),
('49','ut','enim','oaltenwerth@example.com','798','m','2015-11-14','possimus','7','06f49b6c2f366ddd5f511ee1af683042','1970-02-11 06:40:06'),
('50','rerum','labore','pattie.beer@example.org','249','f','1989-10-22','eligendi','8','59c00b881f2b56181b1def7e964a0494','1992-05-13 00:16:23'),
('51','mollitia','voluptatibus','gprice@example.org','4008','f','1990-11-15','blanditiis','1','f07e0c5ed7b900af28714df0ac7ba791','1994-06-16 17:58:53'),
('52','sunt','est','nikko94@example.net','779359','m','2001-04-28','quasi','7','3fbe77e2f09f854d0fcfaea4335fc62e','1975-02-05 23:27:20'),
('53','sed','error','frederique82@example.org','348557','m','1988-02-07','maiores','1','0dfc8a08526a94789671b4a60f148c46','2015-12-04 13:17:19'),
('54','id','corrupti','wgulgowski@example.net','8523030748','m','1985-01-22','aliquid','7','ada41cdcf64c89cfeb058d657869bbb7','2005-02-26 08:34:10'),
('55','vel','dolorem','serena.nikolaus@example.net','77','f','1982-08-24','laboriosam','9','9b873987c9a9ee54f0ed4b1addff000e','1982-06-08 20:25:02'),
('56','optio','vel','zita10@example.com','9440925273','m','1980-08-14','enim','9','a04516ab51b4d488890d834821ebeb5f','1993-02-03 05:53:28'),
('57','nihil','et','vconn@example.net','15','f','1993-12-19','iure','4','a496320e351ca9fe415f2d0aa1178912','1985-06-05 18:35:34'),
('58','quia','perspiciatis','sally.bruen@example.net','873','f','1977-05-26','distinctio','0','05bef72fe8421b4b0c969246a2ac10e1','1970-02-11 01:57:40'),
('59','aut','commodi','fay.carmela@example.com','19','f','1987-05-29','asperiores','0','7ec27b6eaf2e3b680294ca290092a374','1975-09-22 22:03:07'),
('60','eius','et','abner90@example.net','185133','f','2017-11-20','illum','6','1589bb9bbdfb1338658e286d144bbef8','1982-07-08 01:45:53'),
('61','dicta','sint','stoltenberg.jamar@example.com','8846657338','f','1979-04-25','omnis','2','c72bec0de1a6892b4dac34699e427526','1998-09-21 23:00:50'),
('62','eveniet','tempora','eshanahan@example.net','1','f','1995-09-10','id','3','72937623b276ac9e5178f4b088c49235','1979-04-21 09:59:10'),
('63','animi','aliquid','peggie53@example.com','0','f','2018-05-31','quam','3','4b73abc1ea7ddb92b9a30a368347427b','1980-09-20 06:31:35'),
('64','commodi','rerum','saige.fahey@example.net','520080','m','2018-09-09','molestias','9','673628dbf0255adaa7625879ddb7c5ad','1976-01-23 23:45:03'),
('65','expedita','minus','emerald.mann@example.net','22984','m','1993-11-17','tempore','2','3696ba12fab3b505f311df8c53609f9e','1982-05-21 23:41:40'),
('66','expedita','dolorem','emily22@example.net','291','f','1980-01-30','eveniet','5','f990eb3460978647d30739211eec59c1','2019-06-14 16:43:02'),
('67','ex','illo','tmorar@example.com','654','f','2005-12-29','aperiam','1','7400104d092fe8fc3b42ec80951900d9','1983-12-05 01:24:54'),
('68','iure','eius','pat.abernathy@example.net','1','m','1980-03-25','quasi','8','1e72924535c0300098ef1e42af8432ca','1977-06-13 02:59:23'),
('69','culpa','placeat','abigail93@example.org','1','m','1989-02-11','magnam','8','afddc567726cca45ef447d93a28edd35','2016-01-20 16:29:48'),
('70','perferendis','dolorum','shields.kayden@example.net','1','m','1985-04-14','fugit','2','429a3483af5e33d28d2da8bcae5381f6','2017-10-31 07:57:57'),
('71','fugit','consequuntur','block.vernie@example.org','395','m','2020-02-19','praesentium','1','feb83bca648acfd13fb7a39b1a2e42b2','2013-09-07 20:19:23'),
('72','eum','quia','royce92@example.net','688','m','2020-08-21','eveniet','0','80db81ad60fa79bca687fe868985c917','2012-02-18 05:41:16'),
('73','eum','inventore','qbrakus@example.com','142','m','1980-11-28','totam','8','f3eb0658732e806fba60b24c2941cfad','2013-03-07 13:29:04'),
('74','corporis','aliquid','mtreutel@example.org','757651','f','1997-04-12','vel','3','42e115d796ce6bd6274267d11464ec6e','1975-01-28 13:44:16'),
('75','et','illum','nigel.heller@example.net','0','m','2010-02-07','nulla','4','9c421879f5ec56926e7f5fea1913e093','1996-09-25 01:43:07'),
('76','et','enim','fyundt@example.com','592','f','2009-09-18','id','2','cb7c2a416d2fe9680f484314d8842ba9','2006-03-08 22:52:45'),
('77','aut','soluta','ziemann.moshe@example.com','1','f','2009-12-03','sit','8','4468185a7e5e30e851f4e47c70c6e6ea','1990-08-14 21:13:32'),
('78','eius','quaerat','hiram.herzog@example.org','574038','m','1990-09-12','laudantium','9','c8d6d865afa397edbd9942415dede27f','2016-08-24 05:02:40'),
('79','distinctio','iste','olson.camylle@example.net','862','f','2011-05-12','corrupti','6','fab5ceb664b95e14b8f9ff3dff1fcec9','2007-04-25 00:27:28'),
('80','voluptates','natus','yundt.shawna@example.net','1','f','2004-11-13','qui','2','c155efefd14b9865896025fe241474b9','1977-11-18 05:40:33'),
('81','facere','reiciendis','emerald33@example.com','540','f','2000-04-21','enim','6','8ea6f25153af35e08e755977ea57a94a','1999-11-19 09:37:11'),
('82','nostrum','sunt','jwolff@example.org','1','f','1987-12-04','quia','5','ab6330819646dfa49bc014b7dbc91bbb','2007-11-05 05:38:17'),
('83','aperiam','quis','zieme.maya@example.org','46','f','1993-01-27','explicabo','7','814c44eb30941f9a04c1e973dce61188','1980-07-06 04:28:49'),
('84','ut','commodi','uheller@example.org','0','m','1991-09-20','voluptas','2','43ee2498bf40528ca0420139345e2896','2006-04-13 09:01:43'),
('85','fuga','laudantium','omante@example.org','125028','f','1986-08-06','nesciunt','6','e54183db9a02178aa4b8ade8195e6082','2011-12-02 11:28:27'),
('86','sint','necessitatibus','stanton.dubuque@example.org','51','m','1992-03-24','animi','6','d1fd61867439d1349542b73a9528ee11','1982-01-24 10:05:43'),
('87','ea','rerum','rickey70@example.com','1','f','1996-03-28','illo','3','0790cf2ec3176144523469e7777fed81','2014-04-07 04:05:58'),
('88','doloremque','officiis','cordelia39@example.net','1312286507','m','1981-06-12','qui','7','3406b702c37cc5dab01d832ae553df6f','1994-01-08 01:29:01'),
('89','ut','illo','xmayer@example.org','16','f','1991-12-03','qui','7','5c73677aecb25011bc737bc241e48a7d','1985-04-23 22:46:50'),
('90','deserunt','voluptatem','grady.aiden@example.com','0','f','2000-01-10','dolores','5','3a2195231d734807a36beda6dd8e4cab','1970-02-05 14:17:57'),
('91','vel','consequuntur','ariel58@example.com','1','f','2007-03-16','delectus','5','f703bec3a51310d4344a11353ecc4bdb','2000-12-22 03:25:21'),
('92','vel','iste','walter.constantin@example.net','399092','f','1990-01-22','repudiandae','3','208c068074b3442cc700a4a13dddb82a','2009-03-24 22:55:57'),
('93','qui','ut','vandervort.julien@example.org','692','m','2008-11-26','labore','4','c8025d11c827d83e48e7ca19f7c38cc1','1970-04-01 15:40:45'),
('94','ut','expedita','darryl.carroll@example.net','1','m','2004-10-07','deserunt','3','a0d28feab9794a787f832b23e0b85659','1995-11-28 03:32:54'),
('95','iure','consequuntur','stokes.renee@example.org','549863','m','1998-10-19','quaerat','7','0aedd70395c4ec19feb3f1396f14cb26','2009-02-27 19:05:18'),
('96','aut','nihil','raven51@example.com','385','f','1996-02-05','dolorum','7','82ddb992f228db098b1c4b09389afb79','2017-09-06 18:29:49'),
('97','laudantium','fuga','lois.dicki@example.com','1','m','1997-03-11','nemo','0','f959f585ba7160d21537269b5f3ae727','1978-12-10 17:05:20'),
('98','culpa','blanditiis','troy19@example.org','560','m','1994-07-19','labore','9','d3fa68d3be77a6717f95607f7b09a3b0','1978-10-31 16:45:11'),
('99','nulla','quia','mathew46@example.org','94654','m','1997-11-07','sequi','9','71f7d959f38fda179a6660a62114817f','2018-09-15 00:57:50'),
('100','atque','rem','eliza.becker@example.com','162946','f','1972-04-17','dolor','6','546ca5aff84c10f1d1409816d2fae3bd','1989-08-08 18:55:24'); 

DROP TABLE IF EXISTS `messages`;
CREATE TABLE `messages` (
  `id` bigint(20) unsigned NOT NULL AUTO_INCREMENT,
  `from_user_id` bigint(20) unsigned NOT NULL,
  `to_user_id` bigint(20) unsigned NOT NULL,
  `body` text COLLATE utf8_unicode_ci DEFAULT NULL,
  `is_read` tinyint(1) DEFAULT 0,
  `created_at` datetime DEFAULT current_timestamp(),
  PRIMARY KEY (`id`),
  KEY `from_user_id` (`from_user_id`),
  KEY `to_user_id` (`to_user_id`),
  CONSTRAINT `messages_ibfk_1` FOREIGN KEY (`from_user_id`) REFERENCES `users` (`id`),
  CONSTRAINT `messages_ibfk_2` FOREIGN KEY (`to_user_id`) REFERENCES `users` (`id`)
) ENGINE=InnoDB AUTO_INCREMENT=101 DEFAULT CHARSET=utf8 COLLATE=utf8_unicode_ci;

INSERT INTO `messages` VALUES ('1','16','8','Est optio reprehenderit quisquam molestiae. Optio perspiciatis atque quibusdam qui natus. Aspernatur quas voluptas delectus ut alias nemo eaque. Tempora officia ducimus nesciunt.','1','2006-10-15 04:54:37'),
('2','75','1','Rerum ullam id quia. Sed blanditiis eos voluptatum incidunt quae ducimus. Dolor saepe natus fugiat mollitia rerum quia.','1','2018-01-07 09:49:43'),
('3','44','62','Autem quis aut qui nesciunt. Ut quia voluptas nihil eligendi. Neque iusto fugiat qui eius.','0','1991-07-01 09:36:45'),
('4','15','14','Voluptates vel temporibus eum fugit explicabo. Rerum est recusandae culpa officiis beatae asperiores provident iure. Dignissimos suscipit aliquid dolorum assumenda.','1','1982-01-28 03:46:44'),
('5','95','88','Eos est est voluptatem iure tempore qui. Aliquid incidunt nihil amet earum et. Quod ut ad consequatur impedit.','1','2006-09-23 12:40:40'),
('6','30','96','Eligendi rerum dolore est totam quas aperiam fuga quia. Sed alias sequi facere nostrum. Praesentium odio consequuntur distinctio voluptas debitis expedita.','0','2008-10-30 19:21:59'),
('7','60','50','Exercitationem optio modi sapiente. Qui atque est optio quia provident ea. Aliquid error esse adipisci quas laborum.','0','2011-06-09 05:08:49'),
('8','99','43','Laborum ab et voluptates in. Voluptas sed quae dolor. Perspiciatis qui consectetur sed est aut sint laborum.','1','1999-02-15 21:53:29'),
('9','66','79','Dolorum quasi eveniet ullam earum est. Non ea ut impedit fugit. Deserunt qui suscipit vero quae non.','1','1983-11-19 13:01:53'),
('10','14','78','Ea dignissimos itaque sit voluptatem repellendus alias. Optio nihil veniam assumenda veniam et debitis. Ut non est amet laudantium.','1','1985-08-18 08:37:10'),
('11','10','98','Quo sed repellendus architecto qui. Sint sed quo ut ab quia et dolore. Consectetur sed asperiores temporibus et fugit blanditiis facilis. Asperiores rem quos quis nihil officiis et qui.','1','1986-05-15 14:46:34'),
('12','43','73','Saepe ad quisquam dolor. Sint impedit nesciunt similique. Quaerat voluptatem eveniet aspernatur tempore.','0','2019-08-15 22:56:44'),
('13','20','6','Voluptatibus quidem incidunt itaque ducimus similique. Voluptas omnis hic voluptatem omnis expedita et. Beatae natus rerum dicta dignissimos ipsa. Veritatis eum neque mollitia soluta.','0','2015-03-27 11:51:10'),
('14','69','92','Rem natus maxime ea optio ipsum doloribus esse id. Aut magni repudiandae architecto saepe. Eius repellat delectus occaecati quia. Esse non assumenda natus esse deserunt culpa dolore.','1','1979-01-20 22:41:06'),
('15','2','77','In modi voluptatibus eaque sequi nihil qui consequuntur. Aut tempora ut dolorem dolorem quos quae nihil voluptates. Qui odit facere porro.','0','1977-12-17 01:36:30'),
('16','81','18','Dolore voluptas et minus in tenetur delectus cumque. Expedita impedit voluptatem beatae non sint magnam. Inventore voluptas est quo.','1','2012-12-12 02:37:23'),
('17','84','56','Ut id enim quas libero dolore aliquam. Tempore sed omnis consectetur vel omnis. Ut quaerat ullam expedita sed vel.','1','1975-05-05 10:36:19'),
('18','19','28','Illo voluptatem rem labore cumque aliquid odit optio autem. Qui voluptatem voluptatibus soluta laborum incidunt. Alias et nisi eos facere corrupti assumenda. Quaerat error maxime sit officiis sunt.','0','2002-02-07 10:35:13'),
('19','17','33','Officia perspiciatis earum atque accusamus. Expedita dolorem recusandae ipsum dolores tenetur. Magnam libero dignissimos qui enim eligendi reiciendis quis.','1','1974-02-11 01:57:17'),
('20','42','12','Dicta nihil iste neque maxime repellendus consequatur. Voluptatum sed doloremque velit ullam. Molestiae est est qui cum id soluta. Omnis esse pariatur labore asperiores voluptatem quae.','1','1988-08-23 12:38:46'),
('21','21','71','Optio ab quas harum. Nisi et et qui nam ut cupiditate. Et dolores est in officiis perspiciatis nisi occaecati.','0','1987-09-25 02:50:19'),
('22','7','80','Molestiae aut ea laudantium. Eveniet labore eligendi porro quo et atque. Et pariatur provident et aliquid deleniti ducimus.','0','2008-07-25 06:32:47'),
('23','21','5','Eum eum vero natus veniam explicabo magnam. Laboriosam eaque officia a laborum quis assumenda voluptates et. Aut aut et labore amet illum iure.','0','2000-04-14 23:12:47'),
('24','22','86','Occaecati rem et voluptas nulla iste est. Accusantium expedita quod quo aut rerum aut sint. Repudiandae autem quos sed amet rerum. Cum et tenetur voluptatem animi.','1','1981-03-27 01:15:00'),
('25','83','35','Officia sit aut architecto iure sed debitis. Molestiae esse error ea aperiam.','0','2013-02-08 08:24:06'),
('26','64','93','Corporis sequi suscipit est blanditiis natus ipsa laboriosam. Cumque perspiciatis ipsa exercitationem commodi incidunt voluptatem. Maiores sequi dicta recusandae et cum fugit ut. Quia aut quos consectetur ea eum qui facere.','0','1998-04-17 22:53:09'),
('27','33','6','Repellendus consequatur nam sit ducimus architecto. Nostrum officia qui recusandae possimus illo repudiandae ut culpa. Laudantium eveniet dolores voluptatem. Quae sit esse minus repudiandae. Ut placeat explicabo est voluptatem vero sunt molestiae.','0','1976-01-08 20:04:44'),
('28','65','53','Qui facilis laboriosam incidunt modi temporibus laborum rerum sed. Qui deserunt nam suscipit expedita inventore. Omnis harum omnis et alias consequatur maxime quo ut. Quae ducimus ipsam ducimus distinctio iste commodi.','1','1997-05-08 12:09:20'),
('29','12','34','Molestiae maiores ipsa reprehenderit animi quis blanditiis recusandae delectus. Provident quas dicta molestiae ducimus ea atque sit molestiae. Enim rerum pariatur sunt nihil.','1','1998-03-03 14:11:13'),
('30','44','14','Aut eligendi sapiente quibusdam sint voluptas. Voluptatem aut possimus quo et temporibus maxime. Optio eos exercitationem illum voluptatum. Accusantium soluta eaque quasi modi voluptatem aperiam perspiciatis.','1','2001-02-20 06:30:03'),
('31','10','25','Recusandae sunt at in voluptatem ea quae expedita. Similique vel esse quibusdam porro vel rem sed. Nam repellendus quisquam et illum. Et fugit corrupti commodi et nihil voluptatibus.','0','2001-10-30 11:44:13'),
('32','31','94','Et quaerat est tempore dolores et eveniet. Praesentium hic suscipit corrupti. Quos consequatur nam magni et explicabo illum.','1','1979-05-12 14:49:17'),
('33','80','49','Dolorem est qui aut qui unde atque deserunt ex. Voluptatum odio error placeat et adipisci est sit. Nostrum deleniti molestiae sequi rem.','1','2009-02-07 18:02:00'),
('34','21','97','Voluptates molestiae adipisci sit adipisci iste sapiente consequatur. Omnis non voluptas voluptatem alias modi rerum consequatur. Expedita voluptate in molestias fugit quas qui voluptatem est. Qui officia doloremque commodi reiciendis enim ut.','0','2002-01-31 23:47:21'),
('35','81','62','Recusandae voluptate reprehenderit quis et. Sapiente voluptas libero sunt. Voluptatem nisi facilis est cumque et ut. Odit incidunt debitis aliquid praesentium voluptas magnam.','0','2010-04-09 09:55:30'),
('36','8','1','Quia voluptas non dolores quisquam harum magni. Et expedita tenetur aperiam numquam aut incidunt. Atque odit ut qui inventore.','1','1986-01-28 23:19:27'),
('37','33','15','Consequatur occaecati quasi tenetur laboriosam. Et recusandae necessitatibus libero qui perspiciatis eos quia. Reiciendis libero velit occaecati possimus error asperiores.','0','2008-07-18 12:30:02'),
('38','81','54','Aspernatur accusamus accusantium asperiores sed numquam voluptatum id neque. Cupiditate placeat atque dolore molestiae sunt corporis. Nihil harum corporis harum quo sint. Facilis et quae facilis rem atque molestiae.','1','1971-02-02 11:58:00'),
('39','19','2','Consequuntur non qui atque nulla eaque qui. Occaecati ea dicta autem tempore reprehenderit provident hic. Et voluptatibus nemo asperiores ea numquam nam. Aut perspiciatis qui sint odit.','1','1977-06-03 19:58:15'),
('40','40','2','Deleniti consequatur animi facere optio omnis est odit quis. Sit ut et voluptas sint qui. Quisquam laudantium harum maiores id occaecati quidem iste.','1','1978-08-12 06:47:18'),
('41','37','3','Voluptas et dolores architecto cum. Nemo est aliquid facilis quas laboriosam perferendis ut. Quos itaque molestias est est eos cum.','0','1983-04-08 12:14:43'),
('42','95','69','Sequi libero ea et cum consequuntur. Quos quis doloremque nulla. Perferendis fuga commodi ipsam eius est et. Cumque ut nisi non ut doloribus.','1','1997-10-17 04:40:33'),
('43','9','60','Sequi necessitatibus et quos iste veniam. Maiores cupiditate totam ullam aut et qui. Officia ut sapiente praesentium aut.','1','1973-04-21 20:34:55'),
('44','21','20','Ut culpa sit quibusdam excepturi. Inventore a numquam ea et. Et eum vero non laudantium vero qui animi aut. Quibusdam omnis eius molestiae et accusamus quo similique.','0','2002-12-12 19:47:39'),
('45','93','65','Impedit ab doloribus et eos nesciunt. Corporis ipsa minima molestiae quia amet voluptate enim et. Praesentium rerum numquam voluptatum accusantium libero.','0','1982-04-26 11:24:16'),
('46','34','3','Ratione qui numquam iure ut aut. Possimus praesentium incidunt assumenda possimus quas est dolorem. Corporis recusandae explicabo ut quasi fugiat. Ullam vitae ut ut et.','1','2000-03-27 19:34:11'),
('47','89','64','Fugit officiis et impedit inventore nihil molestias. Consequatur corporis vel sed dolor amet ut et impedit. Eum soluta voluptas ullam.','0','2008-10-18 20:44:48'),
('48','96','69','Et et iusto est architecto et dolores commodi. Rerum vel dolores et. Cum dolores beatae magni esse quam vero distinctio. Reiciendis repellat occaecati esse dicta aut tenetur magni et.','0','1980-09-05 00:47:01'),
('49','13','17','Nesciunt et aut delectus possimus quia non. Quia veniam eveniet quia dolor hic. Id sunt consequatur sequi perferendis facere quia. Dolores deleniti modi ut expedita praesentium.','0','1976-06-26 21:24:39'),
('50','66','94','Vitae nostrum ut quo voluptates. Quam tempore voluptatem expedita enim. Ducimus ea deleniti animi voluptatum ex voluptas eveniet. Enim qui modi id.','0','1994-08-31 14:49:27'),
('51','79','73','Enim eum error veritatis. Dignissimos corporis quo velit possimus aut rerum. Quo laborum suscipit officiis optio distinctio eligendi laboriosam. Ad vitae assumenda alias quo mollitia vero suscipit.','0','1979-10-14 03:06:50'),
('52','95','12','Dicta dolor alias sint rerum voluptas. Quidem non quibusdam modi. In quam iure fuga dolor in quos non.','1','2001-09-03 03:46:59'),
('53','88','75','Tenetur alias doloribus dicta occaecati doloribus. Ullam id similique quis assumenda praesentium ducimus rerum. Veniam repudiandae dolor eius aliquid. Itaque eveniet necessitatibus quae assumenda maxime qui. Est nihil illo quia reiciendis quia.','1','2008-08-31 09:21:01'),
('54','65','6','Quo tempore sint qui perferendis at eum iste. Doloremque placeat rerum repudiandae vel. Nobis perferendis non delectus quia. Aut corporis voluptas doloribus inventore itaque. In quo suscipit iusto et tempore.','1','1973-01-13 08:24:10'),
('55','76','4','Itaque dolorum autem et voluptate tempore eum. Voluptate aperiam et quam porro ut in facere ipsum. Ipsa ut iste veniam autem occaecati non ipsam rerum. Ut laudantium corrupti voluptas nihil inventore et eligendi. Rerum animi voluptatem similique exercitationem inventore consequatur.','0','1981-02-21 21:29:14'),
('56','8','12','Vitae aut deserunt voluptatibus ut. Tempore aspernatur iste id laudantium. Sunt tenetur iusto sequi sequi aut nesciunt nam. Itaque quidem quia eveniet provident.','0','1995-01-04 23:48:52'),
('57','7','2','Est nam esse numquam sunt. Dolores sit quod repudiandae magni possimus amet ratione. Illum temporibus minima nobis rem.','0','2008-04-12 17:06:52'),
('58','80','16','Qui expedita quia modi alias aut. Delectus est id tenetur quaerat et architecto. Ad dolorem quaerat laudantium aut nisi cupiditate aut unde. Et animi facilis autem dolor.','0','2007-03-18 12:23:57'),
('59','61','1','Ducimus possimus possimus dolores sit eaque. Qui neque aut id maiores ad. Voluptatem distinctio distinctio vero omnis necessitatibus. Sed deserunt et sint fuga dolor eos. Expedita enim ut id saepe vel.','1','2010-02-17 19:36:56'),
('60','35','54','Eius similique culpa magni totam aspernatur sint impedit alias. Incidunt qui provident animi aut. Iure adipisci qui laboriosam. Ut non fugiat quia aperiam blanditiis soluta.','0','1995-07-18 11:50:34'),
('61','65','68','Explicabo nostrum quis eum voluptate vero dolorum ab quis. Sed labore ut magni enim possimus pariatur. Impedit labore tempore vel. Labore sunt eius itaque quia repellendus impedit.','0','1981-11-13 17:47:49'),
('62','56','54','Consequuntur ipsam atque omnis vel illum qui. Quis sed iste rerum expedita vel porro odio eum. Et enim atque nesciunt et nobis qui tempore omnis. Ab aut error repudiandae distinctio.','0','1973-06-08 22:46:02'),
('63','32','52','Et tempore doloremque qui unde sunt. Dolores eum consectetur est sint nemo commodi fugit veniam. Non molestiae qui doloremque in nesciunt voluptatem nulla voluptatum.','0','1998-07-20 10:50:00'),
('64','23','45','Est qui architecto ab. Eum aliquid ea doloribus minima nobis ipsa veritatis voluptatibus.','1','2013-02-14 04:31:39'),
('65','69','88','Sunt est omnis praesentium quia. Expedita amet quod ratione tempora enim nobis. Et ea id veritatis voluptatem voluptate.','0','1983-05-09 05:25:29'),
('66','38','47','Aut laborum iure voluptas eum ut molestiae. Accusantium illo culpa perspiciatis cum. Vero maiores animi quia et unde. Consequuntur ducimus modi et aliquid in nemo eum.','1','1989-12-19 18:42:02'),
('67','61','32','Itaque aut corrupti omnis cumque omnis. Laboriosam nulla quos dicta nihil amet consequatur quo. Inventore voluptatem quae et qui nihil. Et numquam est aperiam laboriosam qui et.','1','2020-01-21 07:14:12'),
('68','58','48','Culpa magnam iusto perspiciatis minima consequatur. Consequatur voluptatem et sit qui et. Totam qui commodi autem tempore laudantium quia. Voluptatem enim explicabo architecto odit pariatur et.','0','1997-11-07 01:44:32'),
('69','6','23','Fugit eum atque eum natus et. Quasi aperiam mollitia dolor iusto qui repellat dignissimos. Iste perspiciatis voluptatem corrupti autem ut delectus dolor.','0','2015-07-21 09:13:31'),
('70','54','82','Corrupti dolorum eaque aut blanditiis. Animi cum sed natus aliquam id. Ab assumenda eaque fuga necessitatibus est et. Maxime explicabo veritatis voluptatem dicta sed atque.','0','2009-09-29 12:11:29'),
('71','26','62','Dignissimos qui dolores voluptates soluta ut voluptatem. Occaecati sunt vero quae eum modi. Quo dolorem rerum aut expedita nihil. Vel autem alias ex aspernatur esse fugit culpa architecto. Perferendis quaerat autem quia qui neque ut.','0','2017-01-13 00:35:17'),
('72','93','33','Odio corrupti non ut. Perspiciatis fugiat et autem minus ut quia molestiae. Dolore ipsa est qui neque ratione ipsa exercitationem. Unde provident omnis magni sed dolor eligendi. Itaque voluptas aliquam non vel sunt incidunt.','0','1994-10-31 12:08:39'),
('73','64','73','Eos mollitia aut asperiores odit qui. Sapiente et et sed dolor et culpa laborum. Aut doloribus eum dolorem doloribus nulla esse dolorem. Quasi nobis reprehenderit sunt eaque est.','0','1977-01-06 03:59:04'),
('74','48','25','Quia enim et ea dolorem. Repellendus qui in ut nesciunt exercitationem et. Est excepturi in occaecati praesentium qui nisi blanditiis.','1','2019-07-06 14:29:23'),
('75','74','83','Distinctio facere ea rerum sunt. Deleniti nihil saepe unde. Quia impedit voluptas corrupti repudiandae. Eos eveniet assumenda eos pariatur qui atque.','1','1995-10-17 00:10:32'),
('76','78','39','Nesciunt expedita ut sunt est voluptatem distinctio fugiat. Sunt voluptatem sit laudantium enim quia aut. Distinctio vitae omnis molestias quia qui vero inventore repudiandae. Reprehenderit quidem fugiat sed molestiae porro.','1','1988-12-02 17:41:30'),
('77','51','34','Impedit et vero omnis occaecati rerum qui eum. Omnis sapiente qui itaque qui sapiente id. Error sint voluptatem accusantium voluptate tempore ea fuga.','0','2009-07-12 21:46:23'),
('78','93','82','Et adipisci animi occaecati eos. Minima quam assumenda est cum magni praesentium delectus sequi. Soluta libero at illo earum in quia. Aliquid eveniet accusantium nihil. Similique dolor pariatur maiores culpa.','1','2009-04-09 15:51:04'),
('79','85','15','Alias aperiam sit aperiam corrupti et. Est nesciunt illum autem aut dolorum ratione itaque. Rerum ut dolor repellat ea aliquam placeat qui ea.','0','1994-10-10 17:46:03'),
('80','27','53','Asperiores rerum accusantium tempora illo. Quia quibusdam nostrum sed earum debitis. Reprehenderit nihil delectus iure quia ipsa. Facere quibusdam ut alias optio.','1','1994-09-16 23:27:55'),
('81','3','64','Voluptatem sequi nulla repellendus dolorum nam est qui. Autem qui ut qui repellat. Magni tempora nisi voluptatem et architecto aliquam deleniti.','0','1972-12-02 14:43:17'),
('82','100','64','Tempora facere ratione possimus dolorem aperiam aut odio. Quo molestiae illum facilis id non molestiae id. Labore earum consectetur mollitia vero adipisci quo non fuga.','0','2006-06-16 00:29:49'),
('83','96','58','Vitae sunt dolorem dolorum perferendis. Similique consequatur nihil et ad. Consectetur et dolorem enim tempora enim ab.','1','1988-03-02 11:29:20'),
('84','12','2','Soluta debitis ut ut animi. Modi eum natus nesciunt quia. Atque non odit et corrupti reiciendis vero ex. Quibusdam qui omnis corporis neque aliquam non sint consequuntur.','0','2017-10-11 17:09:07'),
('85','80','66','Modi at sit sed rem. Natus qui quod velit esse et dolore asperiores autem. Ut inventore commodi et corporis sequi. Debitis qui qui quasi eos eos aut. Nemo ut minus voluptatem rem magni est.','0','1992-04-07 18:00:53'),
('86','83','6','Delectus maxime quia modi architecto. Vel doloribus hic voluptate quis soluta. Et cupiditate vero adipisci maiores.','1','2001-05-09 15:33:29'),
('87','28','76','Optio temporibus impedit aut. Numquam nesciunt dolorem tempore incidunt eos perspiciatis aliquid.','1','1986-11-28 22:48:13'),
('88','38','91','Et molestias quas omnis pariatur consequatur sunt. Veritatis libero in dolores sequi vel est et. Error occaecati doloremque occaecati totam ut reiciendis a sit. Doloremque eligendi natus temporibus quia omnis minima.','0','2006-01-10 06:24:08'),
('89','49','86','Iure occaecati cupiditate et esse. Dolorum culpa est quis quia sed veniam ut blanditiis. Hic quaerat soluta fuga culpa ipsum. Quod quae ratione voluptas id aliquam quo et.','0','1986-05-08 22:25:39'),
('90','15','22','Harum voluptas deserunt qui culpa. Ea omnis hic natus aut recusandae.','1','2012-02-21 13:27:20'),
('91','68','93','Non beatae ut dolores ipsa repudiandae amet doloremque. Veritatis et explicabo odio quas nihil incidunt. Animi esse omnis vel ut consequuntur recusandae et autem. Repellat non sunt dolorum quia placeat.','0','2005-07-29 16:12:39'),
('92','60','18','Blanditiis soluta omnis omnis optio impedit natus. Dolores fuga neque culpa omnis et. Iure reiciendis deleniti et id qui numquam vitae.','0','2020-06-24 19:56:51'),
('93','26','52','Ut dolor illum ratione. Reiciendis nisi non est harum voluptatem.','1','2016-08-30 11:40:33'),
('94','100','11','Error consequatur error laboriosam amet nulla. Accusantium et sit error et sed nihil explicabo esse. Nemo nulla consequuntur reprehenderit. Ut qui dolor voluptate in quia reprehenderit possimus sequi.','1','1988-09-08 14:02:15'),
('95','67','26','Nesciunt ab nihil consequuntur dolorem repudiandae dicta. Eos sed et quia eum enim est.','1','2000-06-29 11:46:05'),
('96','63','70','Ut minima sint amet eaque. In sit nemo voluptatum perferendis tenetur. Voluptatem occaecati totam ut voluptas est et.','1','2007-04-30 11:48:08'),
('97','90','62','Odio vel sit id quidem quibusdam sit. Et eos occaecati cupiditate. Aspernatur minima quia eum consequuntur cum. Dolorem porro velit tempora aut totam rem.','1','2002-04-11 13:57:58'),
('98','34','85','Ratione nulla perspiciatis sed facere qui rerum. Voluptates ut exercitationem cumque. Labore magni inventore reiciendis est natus veniam ullam saepe. Rerum debitis soluta corrupti natus minus.','1','1997-07-05 06:47:01'),
('99','20','45','Maxime quisquam totam quasi perspiciatis. Rerum doloremque praesentium earum non qui voluptas porro. Voluptatum rem dolorem sunt vel illum excepturi quas dolores. Soluta dolorem qui perferendis velit.','1','2020-01-13 10:16:01'),
('100','86','99','Animi reiciendis nihil reiciendis ducimus sint beatae in. Quod asperiores facere dolores a at. Vel mollitia praesentium neque doloribus earum qui molestiae. Maiores doloribus sit velit et incidunt magni illum. Dolor porro ad quos et dignissimos.','0','2020-06-10 11:32:05'); 

DROP TABLE IF EXISTS `friend_requests`;
CREATE TABLE `friend_requests` (
  `initiator_user_id` bigint(20) unsigned NOT NULL,
  `target_user_id` bigint(20) unsigned NOT NULL,
  `status` enum('requested','approved','unfriended','declined') COLLATE utf8_unicode_ci DEFAULT 'requested',
  `requested_at` datetime DEFAULT current_timestamp(),
  `confirmed_at` datetime DEFAULT current_timestamp() ON UPDATE current_timestamp(),
  PRIMARY KEY (`initiator_user_id`,`target_user_id`),
  KEY `target_user_id` (`target_user_id`),
  KEY `initiator_user_id` (`initiator_user_id`),
  CONSTRAINT `friend_requests_ibfk_1` FOREIGN KEY (`initiator_user_id`) REFERENCES `users` (`id`),
  CONSTRAINT `friend_requests_ibfk_2` FOREIGN KEY (`target_user_id`) REFERENCES `users` (`id`)
) ENGINE=InnoDB DEFAULT CHARSET=utf8 COLLATE=utf8_unicode_ci;

INSERT INTO `friend_requests` VALUES ('1','17','unfriended','2013-09-08 00:50:19','1975-11-10 15:31:23'),
('1','43','declined','2004-02-06 02:14:38','1989-01-24 21:55:56'),
('2','30','approved','1977-11-18 09:21:28','1990-10-03 15:33:31'),
('2','73','unfriended','2004-01-27 00:54:51','2016-06-20 13:59:56'),
('3','24','declined','2016-08-19 14:36:40','1977-03-20 15:41:52'),
('4','4','unfriended','1993-12-06 01:33:59','1985-01-01 10:45:51'),
('5','16','unfriended','1985-11-05 16:45:23','1984-08-11 21:04:03'),
('6','30','declined','1972-01-02 10:38:55','2016-11-18 09:49:01'),
('7','83','declined','1999-11-29 08:33:38','2010-12-11 03:30:22'),
('7','88','declined','1972-02-01 13:45:04','1988-08-29 14:03:45'),
('8','5','unfriended','2002-07-09 20:55:27','2015-06-15 06:01:58'),
('10','39','requested','2008-04-18 01:37:03','1997-06-03 12:25:30'),
('11','37','requested','1991-06-12 12:55:16','1970-03-20 17:55:18'),
('11','41','declined','1983-07-26 03:23:34','2006-08-19 01:57:52'),
('11','84','approved','1982-12-26 13:53:44','1992-12-16 04:57:03'),
('13','6','unfriended','2017-07-26 16:18:12','1998-10-18 18:50:23'),
('17','41','declined','2009-07-14 21:07:12','1972-01-12 04:35:09'),
('17','81','approved','2004-11-21 02:15:40','2018-02-17 08:32:47'),
('19','94','unfriended','1982-09-21 02:15:07','1989-05-01 22:03:20'),
('20','64','declined','2000-09-29 19:49:35','1972-01-28 10:55:51'),
('21','25','approved','2002-05-12 06:14:48','1986-09-27 13:26:16'),
('22','34','approved','2001-02-24 11:43:06','1998-06-17 05:05:00'),
('22','36','declined','1978-02-22 06:14:13','1988-05-20 19:23:01'),
('22','64','unfriended','1996-03-13 18:45:46','1974-05-02 05:28:45'),
('23','85','declined','2017-10-08 22:56:53','1992-01-06 12:33:46'),
('24','35','unfriended','1982-02-28 02:39:31','1988-03-27 16:07:21'),
('24','91','approved','1979-05-27 06:13:52','1987-05-06 14:07:06'),
('25','64','unfriended','1997-12-02 00:59:04','1976-03-09 04:44:54'),
('27','18','approved','1988-11-13 08:13:25','2003-09-24 12:32:53'),
('27','94','approved','1976-01-17 01:19:39','1989-07-01 03:19:44'),
('29','68','requested','1984-01-27 06:35:49','2013-01-26 16:39:43'),
('31','35','declined','1986-01-14 03:56:18','2012-09-24 08:54:27'),
('33','88','approved','2001-03-02 03:06:00','2019-05-23 13:57:15'),
('35','16','requested','1991-05-26 05:44:57','2018-08-14 20:41:34'),
('35','18','declined','1990-11-11 14:59:36','1971-07-28 12:56:58'),
('36','23','declined','1997-03-10 01:29:44','2013-07-18 01:00:06'),
('36','87','requested','1986-09-03 19:06:57','2004-08-25 07:42:42'),
('37','18','declined','1979-07-29 21:16:51','1997-10-23 01:43:38'),
('42','75','unfriended','2009-09-11 19:41:22','1994-02-09 07:19:38'),
('42','95','unfriended','1983-12-13 14:36:56','2016-12-03 18:50:10'),
('44','37','declined','2006-11-03 13:27:53','2018-12-14 17:27:27'),
('45','87','declined','1993-12-17 14:44:02','2016-08-11 03:27:36'),
('46','5','requested','2012-04-16 01:51:16','2016-09-28 21:42:40'),
('46','64','requested','1979-09-19 03:41:51','1984-09-11 18:14:55'),
('47','3','unfriended','1972-11-24 08:57:25','1977-01-27 23:02:59'),
('47','34','approved','2004-05-31 07:18:37','1976-06-24 16:49:47'),
('47','54','unfriended','1983-04-28 12:23:30','2016-03-04 16:46:53'),
('48','72','approved','2011-04-17 06:37:44','2000-11-28 07:47:44'),
('49','27','approved','1981-08-22 23:18:24','1973-10-08 11:06:09'),
('49','50','unfriended','2018-05-03 08:03:15','2005-05-17 04:48:05'),
('49','56','unfriended','1992-03-31 05:47:51','1978-11-03 09:53:44'),
('51','61','requested','1974-05-07 16:10:06','2000-06-01 17:49:20'),
('51','75','declined','2004-10-26 09:42:46','1980-04-24 12:53:10'),
('55','57','unfriended','1999-08-29 15:52:37','2013-05-21 04:53:47'),
('55','94','approved','1993-07-12 00:26:39','2016-02-28 22:08:42'),
('56','23','declined','2015-09-09 10:26:50','1994-06-16 11:52:58'),
('57','3','declined','2003-05-10 12:58:23','2014-02-08 03:46:44'),
('61','73','declined','2010-01-04 03:13:21','1975-06-14 15:45:08'),
('61','87','unfriended','1998-05-03 21:25:24','1999-11-05 05:42:59'),
('62','18','declined','1981-06-18 03:13:07','1976-02-11 13:17:07'),
('63','44','requested','1971-11-08 05:05:32','1971-05-03 17:37:14'),
('64','70','requested','2008-04-15 19:54:13','1993-05-09 12:05:44'),
('66','28','requested','2015-04-28 00:36:26','1977-01-16 11:27:54'),
('67','38','requested','2011-01-15 18:33:06','2003-01-22 03:21:23'),
('68','58','declined','1999-03-19 07:28:12','1987-01-01 01:57:03'),
('69','26','unfriended','1980-04-06 01:26:44','1972-06-16 17:38:03'),
('70','26','declined','1973-09-25 00:30:10','2014-09-18 03:41:58'),
('71','36','approved','2019-03-24 07:56:18','1989-10-09 18:24:03'),
('72','30','unfriended','1975-10-13 19:37:18','1987-12-29 17:07:53'),
('72','94','declined','2015-01-07 07:42:04','1972-07-19 18:06:40'),
('73','1','approved','1972-08-13 02:34:42','1994-07-05 11:15:40'),
('74','42','unfriended','1983-11-29 00:54:57','2002-03-18 12:25:34'),
('74','98','requested','1977-03-23 13:33:03','1978-12-29 14:53:52'),
('76','23','requested','1984-06-30 14:34:46','1975-08-27 04:44:50'),
('77','3','approved','1993-01-06 23:52:19','1976-08-12 05:09:36'),
('77','51','unfriended','2003-02-24 22:45:41','1997-03-05 12:03:00'),
('78','45','unfriended','1986-12-26 08:10:34','1997-07-08 10:35:00'),
('78','54','declined','2005-11-08 14:33:09','1997-04-20 03:42:23'),
('79','49','requested','2002-07-25 07:27:48','2001-02-20 16:17:24'),
('79','53','declined','1972-07-15 22:22:23','1993-02-21 05:07:06'),
('80','36','approved','1979-09-07 12:03:39','2001-12-31 00:03:06'),
('80','50','approved','1987-09-12 19:41:15','2000-11-11 07:41:38'),
('80','51','requested','2020-01-14 05:36:19','1995-04-04 07:58:38'),
('81','42','unfriended','1974-01-15 09:44:15','1986-09-12 21:44:48'),
('82','74','approved','1991-01-18 10:45:53','1987-01-14 09:46:16'),
('83','6','requested','2001-03-09 07:46:28','2011-06-10 04:53:32'),
('84','15','requested','1990-05-20 21:46:59','2012-11-21 15:20:27'),
('85','32','requested','1985-10-23 12:15:24','2018-11-30 05:27:26'),
('86','17','approved','1976-09-27 00:43:02','1981-11-12 15:09:54'),
('87','79','unfriended','2004-03-16 16:12:56','1989-09-27 22:18:31'),
('88','84','declined','2007-05-16 14:22:19','1996-02-21 03:40:18'),
('88','90','unfriended','1983-10-25 18:24:58','1989-07-09 14:02:11'),
('90','66','requested','1975-03-26 13:44:14','1972-12-05 08:39:43'),
('91','60','requested','2007-12-20 09:31:11','2012-03-13 01:20:24'),
('91','97','declined','2017-08-10 13:59:54','1974-12-11 21:27:00'),
('92','24','requested','1972-08-13 00:27:55','2012-09-07 10:23:30'),
('93','23','declined','2000-07-22 06:50:43','1983-12-18 09:39:12'),
('94','12','declined','1983-07-19 18:16:26','1999-02-23 23:59:09'),
('98','96','unfriended','1990-07-29 15:25:54','1979-04-07 08:56:52'),
('100','96','requested','2015-10-15 01:25:29','1989-02-22 17:31:48'); 

DROP TABLE IF EXISTS `communities`;
CREATE TABLE `communities` (
  `id` bigint(20) unsigned NOT NULL AUTO_INCREMENT,
  `name` varchar(150) COLLATE utf8_unicode_ci DEFAULT NULL,
  PRIMARY KEY (`id`),
  KEY `communities_name_idx` (`name`)
) ENGINE=InnoDB AUTO_INCREMENT=21 DEFAULT CHARSET=utf8 COLLATE=utf8_unicode_ci;

INSERT INTO `communities` VALUES ('8','alias'),
('19','dolor'),
('18','est'),
('20','et'),
('16','expedita'),
('1','fuga'),
('7','laudantium'),
('11','laudantium'),
('14','libero'),
('10','magni'),
('13','modi'),
('17','nobis'),
('5','non'),
('15','quia'),
('4','quisquam'),
('6','rerum'),
('3','unde'),
('12','ut'),
('2','velit'),
('9','voluptas'); 

DROP TABLE IF EXISTS `users_communities`;
CREATE TABLE `users_communities` (
  `user_id` bigint(20) unsigned NOT NULL,
  `community_id` bigint(20) unsigned NOT NULL,
  `is_admin` tinyint(1) DEFAULT 0,
  PRIMARY KEY (`user_id`,`community_id`),
  KEY `community_id` (`community_id`),
  CONSTRAINT `users_communities_ibfk_1` FOREIGN KEY (`user_id`) REFERENCES `users` (`id`),
  CONSTRAINT `users_communities_ibfk_2` FOREIGN KEY (`community_id`) REFERENCES `communities` (`id`)
) ENGINE=InnoDB DEFAULT CHARSET=utf8 COLLATE=utf8_unicode_ci;

INSERT INTO `users_communities` VALUES ('1','2','1'),
('1','7','0'),
('2','3','1'),
('4','15','1'),
('4','20','1'),
('5','20','1'),
('7','3','1'),
('7','6','0'),
('7','11','0'),
('7','18','0'),
('8','10','0'),
('12','6','0'),
('12','19','1'),
('13','3','1'),
('13','7','1'),
('15','8','1'),
('15','9','0'),
('15','16','0'),
('16','11','1'),
('21','10','0'),
('22','10','0'),
('22','17','1'),
('23','16','0'),
('24','15','1'),
('25','20','1'),
('26','7','1'),
('29','13','1'),
('29','17','0'),
('30','3','0'),
('30','16','1'),
('31','6','0'),
('34','20','1'),
('35','3','1'),
('35','9','0'),
('36','5','1'),
('37','4','1'),
('38','4','0'),
('39','4','0'),
('39','9','0'),
('40','16','0'),
('41','7','0'),
('41','14','1'),
('42','1','0'),
('42','10','1'),
('43','6','1'),
('43','16','1'),
('44','5','0'),
('47','6','0'),
('47','9','1'),
('48','5','1'),
('48','13','1'),
('50','1','0'),
('51','2','0'),
('52','16','1'),
('52','19','0'),
('53','1','1'),
('53','15','0'),
('54','16','1'),
('55','14','1'),
('56','11','1'),
('58','9','0'),
('60','8','0'),
('60','14','1'),
('61','7','1'),
('61','8','1'),
('62','20','1'),
('64','13','0'),
('65','10','1'),
('65','17','0'),
('67','15','0'),
('67','17','0'),
('68','4','1'),
('68','18','0'),
('71','13','1'),
('73','10','0'),
('73','17','1'),
('75','2','0'),
('76','16','1'),
('77','1','0'),
('77','13','0'),
('79','3','0'),
('79','9','0'),
('80','1','0'),
('80','9','0'),
('82','9','1'),
('83','13','0'),
('85','20','1'),
('86','18','1'),
('90','13','1'),
('90','17','0'),
('92','18','1'),
('93','18','0'),
('94','2','1'),
('95','12','1'),
('95','13','0'),
('95','18','0'),
('100','4','1'); 

DROP TABLE IF EXISTS `posts`;
CREATE TABLE `posts` (
  `id` bigint(20) unsigned NOT NULL AUTO_INCREMENT,
  `user_id` bigint(20) unsigned NOT NULL,
  `body` text COLLATE utf8_unicode_ci DEFAULT NULL,
  `metadata` longtext CHARACTER SET utf8mb4 COLLATE utf8mb4_bin DEFAULT NULL CHECK (json_valid(`metadata`)),
  `created_at` datetime DEFAULT current_timestamp(),
  `updated_at` datetime DEFAULT current_timestamp() ON UPDATE current_timestamp(),
  PRIMARY KEY (`id`),
  KEY `user_id` (`user_id`),
  CONSTRAINT `posts_ibfk_1` FOREIGN KEY (`user_id`) REFERENCES `users` (`id`)
) ENGINE=InnoDB AUTO_INCREMENT=81 DEFAULT CHARSET=utf8 COLLATE=utf8_unicode_ci;

INSERT INTO `posts` VALUES ('1','17','Commodi laboriosam necessitatibus consectetur aspernatur et qui iure. Exercitationem omnis temporibus eaque ut iusto nemo at. Esse sit facere rem nulla eum. Commodi voluptas suscipit voluptas quo cum sed deserunt.',NULL,'1993-10-08 18:12:35','1987-02-04 12:29:10'),
('2','33','Sit et aut consequatur et est ad suscipit. Quod consequuntur iure fugit distinctio. Temporibus amet ullam itaque nobis provident rem consectetur.',NULL,'1976-07-19 09:47:44','1985-04-04 06:12:05'),
('3','3','Illo hic magni sit quod enim neque voluptates. Nesciunt ex ut culpa sed eum rerum vitae sed. Ut cum nostrum illo facilis.',NULL,'1986-03-27 18:59:28','1985-04-22 11:11:48'),
('4','40','Doloremque temporibus blanditiis eaque ullam dolor. Veniam autem at temporibus dolorem at quas officiis. Qui et repellat dolores.',NULL,'1970-05-18 20:48:13','1979-12-12 01:50:12'),
('5','80','Sit modi placeat consectetur aut. Eligendi culpa officia et alias quam maxime. Minima rerum pariatur dolore aut est magni. Eos sit tenetur voluptatem magni magni consequuntur.',NULL,'1974-08-07 16:43:32','1984-11-29 08:48:34'),
('6','25','Qui dolores id corrupti incidunt accusantium magnam voluptate. Velit ad voluptas fugit ab architecto. Aut dolorem fuga dicta ut voluptatem voluptatum vero. Voluptate ducimus voluptas ipsam voluptatem corporis qui et.',NULL,'1990-03-20 22:27:27','2017-02-10 21:01:38'),
('7','86','Eum nostrum est soluta dolores veritatis. Vel non asperiores quo est libero iusto blanditiis eaque. Iure quaerat occaecati itaque qui. Impedit eligendi enim qui ut et vitae sunt.',NULL,'2020-06-29 10:59:03','2011-02-26 21:33:15'),
('8','17','Neque et quaerat adipisci consectetur maxime sapiente eius. Qui dolore nemo aut quo ea. Possimus aut aliquid quibusdam eos veritatis non. Maxime ipsum quia nobis et eligendi repellat.',NULL,'2010-04-02 10:49:01','2018-04-20 19:43:37'),
('9','16','Ullam molestiae sequi et est aut et sint. Voluptate voluptate facere saepe.',NULL,'1976-10-17 02:38:42','1991-12-30 09:59:01'),
('10','45','Quam voluptas vitae laboriosam aut et. Sapiente id iste quidem inventore in illum rerum ea. Illum laboriosam aut voluptatem dolor facilis corrupti est. Est rem est dolorem in.',NULL,'2012-07-16 02:26:16','2006-12-29 05:19:38'),
('11','100','Reiciendis quod repudiandae illum dolor soluta. Non repudiandae est debitis cumque voluptatibus ipsum sed. Omnis omnis vel ut rerum dolor. Nulla ab eos itaque veritatis.',NULL,'1983-07-08 06:02:26','2000-04-05 07:00:14'),
('12','58','Qui cumque expedita consequatur nam dicta omnis. Facere sint sit magni voluptatem quis.',NULL,'1993-02-08 14:15:14','2005-05-09 00:17:56'),
('13','36','Quia asperiores accusamus assumenda aut tempora soluta voluptatem. Qui aut velit itaque saepe. Ut sit non eos rerum ut sequi accusantium nihil. Minima aliquam non illum aperiam quaerat repudiandae maiores est.',NULL,'2012-10-22 00:27:01','1980-02-23 03:10:10'),
('14','16','Recusandae eos rerum consequatur provident et. Magnam qui autem est amet quaerat eaque. Dolores unde quis aut est vero. Ea ea voluptatem rerum neque.',NULL,'1972-02-18 17:10:31','2001-03-30 20:45:21'),
('15','66','Rerum voluptates a qui voluptas ut voluptate. Dolorem omnis asperiores magnam accusamus rerum officiis dolorem. Architecto vel quae doloribus cupiditate voluptatum. In quia ea corporis dolores et.',NULL,'2019-10-03 17:42:21','1978-10-26 21:47:05'),
('16','40','Omnis id eaque ab adipisci consectetur sed necessitatibus. Officiis et cupiditate suscipit voluptatibus tenetur ratione exercitationem. Pariatur eaque autem consequuntur.',NULL,'2002-03-19 10:34:59','1993-02-25 06:21:22'),
('17','59','Rerum consectetur quas omnis sunt incidunt autem aut eum. Hic laboriosam dolor itaque labore aut optio praesentium sapiente.',NULL,'1992-04-05 15:49:20','2012-08-17 23:19:20'),
('18','25','A ullam non repellat numquam esse sed. Reprehenderit voluptatem corrupti itaque numquam alias aut et unde. Est odio corporis inventore sint quo. Deleniti dolores modi reiciendis non soluta voluptas vel.',NULL,'1976-10-09 01:14:59','1987-04-01 09:23:57'),
('19','81','Beatae quos ipsam vero eligendi totam facere. Deserunt repellat magnam earum sint et. Voluptas omnis velit ea similique ab.',NULL,'1990-06-11 13:00:45','1974-05-29 09:50:28'),
('20','95','Commodi ducimus reprehenderit quia incidunt voluptas illum dolor. Quisquam dolorem officiis non ut et maxime. Tempora numquam sed eveniet quas sed ut nihil. Hic et dignissimos recusandae cumque.',NULL,'1978-02-18 05:40:27','1977-02-20 07:49:11'),
('21','8','Ut molestiae dolores cum quia necessitatibus ab. Inventore ut est deleniti doloribus consequuntur qui consequatur quod. Totam at qui saepe ut. Magni facilis tempora sed similique sed.',NULL,'2005-03-10 11:51:56','1975-03-11 07:13:15'),
('22','16','Est ut repellat sit eligendi architecto tempora voluptate. Sapiente nihil doloremque quae est quia. Et autem qui sunt ut.',NULL,'1994-05-21 14:49:21','2013-10-28 06:45:41'),
('23','25','Consequuntur tenetur eveniet officiis illo praesentium odio numquam consectetur. Hic et ab ab aut. Minima aut sunt aspernatur quod.',NULL,'2010-02-22 01:13:41','2013-05-07 05:31:50'),
('24','83','Voluptatum temporibus eos aut laboriosam officia similique eaque sunt. Et non maxime in porro nihil non distinctio facere. Dignissimos et minus excepturi quia quisquam ducimus saepe.',NULL,'2017-12-30 02:55:12','2003-02-09 14:17:22'),
('25','85','Beatae accusantium et recusandae aperiam suscipit corrupti. Voluptatem sequi blanditiis et quia quibusdam neque repellendus. Animi aut cum velit odio tempora quae sit corporis.',NULL,'1974-02-24 04:04:10','2000-04-30 13:47:00'),
('26','89','Qui qui amet quo saepe asperiores consectetur. Ullam itaque consequatur sed voluptatem molestiae voluptas perferendis. Libero voluptas quos qui aut corporis ut corrupti. Aut qui occaecati expedita.',NULL,'2000-12-27 16:20:08','1991-10-21 22:24:40'),
('27','4','Occaecati laudantium reprehenderit beatae eaque reiciendis impedit voluptates. Neque rerum quam molestiae laborum porro omnis dolores. Eum doloremque soluta qui perferendis hic omnis. Sunt nihil necessitatibus repellat consequatur est.',NULL,'1997-01-29 00:12:30','2019-09-10 16:53:10'),
('28','86','Laudantium animi voluptas aut. Aut totam veniam qui rerum possimus tempora nemo. Temporibus autem quibusdam nihil est. Itaque asperiores numquam occaecati adipisci fugiat.',NULL,'1972-08-30 23:10:18','1970-03-20 20:21:34'),
('29','17','Totam corporis eveniet vel voluptatem nemo. Natus praesentium et mollitia dolores qui rerum aliquam. Alias recusandae voluptate sunt maxime maxime cum fugit.',NULL,'2004-03-17 19:15:10','1994-12-26 18:47:06'),
('30','84','Molestias recusandae non quisquam sit sunt. Sed delectus aspernatur nostrum commodi. Alias quos corrupti debitis omnis.',NULL,'2011-10-09 03:33:07','1996-06-25 15:25:34'),
('31','53','Vitae cumque sed id voluptas. Expedita officiis dolores ut beatae aliquam iste. Voluptas dolores voluptatibus nihil aliquid veniam. Enim ipsum delectus non ut. Aliquid perferendis ab voluptatem sapiente pariatur voluptatibus.',NULL,'2019-01-18 10:01:11','2000-02-23 15:27:38'),
('32','33','Ea numquam sit consequatur rem aliquid ea quis. Quasi nihil aperiam facilis nulla explicabo. Dolor natus eius ut facilis repellendus. Voluptatem saepe expedita consequatur atque.',NULL,'2015-08-25 12:42:56','2001-02-13 02:17:10'),
('33','17','Ut iure repellat dolore distinctio sit molestiae. Id quidem recusandae omnis tenetur qui. Sed ex fugit voluptatem ut eum nesciunt.',NULL,'1998-05-18 19:34:42','2011-06-20 10:30:14'),
('34','55','Iste neque nulla dolores deserunt temporibus mollitia natus. Quo laboriosam cum rem eum nulla sint voluptatem. Soluta voluptatem ex porro. Reprehenderit perferendis odio quas voluptatum eius nesciunt.',NULL,'1981-03-09 14:12:07','1988-02-25 05:49:37'),
('35','72','Aliquam velit omnis dolorem laborum et et fugit et. Voluptatem non dolores et molestias dignissimos totam. Nihil expedita architecto ut nisi molestiae.',NULL,'1993-10-15 22:23:25','1992-05-04 01:06:15'),
('36','96','Quisquam velit sapiente maiores suscipit non explicabo tempore. Voluptatibus iure qui et corporis. Mollitia reprehenderit similique distinctio in reiciendis. Tenetur eaque molestiae nisi qui hic. Quisquam ipsa iste sunt accusantium deleniti magni dolorem.',NULL,'2019-08-18 00:05:24','1995-04-26 02:27:17'),
('37','80','Veritatis explicabo iusto sed voluptatum architecto. Quia excepturi pariatur dolores dolore. Iste et officiis vero saepe et.',NULL,'2018-12-26 04:37:32','1984-02-19 02:45:06'),
('38','57','Exercitationem sit dicta iure libero ratione. Omnis repellendus ducimus magni. Eos sunt deserunt vel beatae reprehenderit sit. Sint ipsum iste omnis nihil occaecati ut.',NULL,'2005-08-31 14:02:30','2003-12-01 01:08:12'),
('39','12','Quis voluptas velit est aut et. Eius sint delectus vero. Et omnis tempore ex omnis ut.',NULL,'1985-02-13 15:45:43','1989-12-23 11:38:15'),
('40','96','Voluptatem aut dolores odio qui excepturi. Explicabo nostrum et non voluptate animi iure. Explicabo et provident nesciunt est. Quibusdam illum animi ipsam ut dolor minus aut.',NULL,'1990-01-06 03:38:17','1971-04-06 13:18:17'),
('41','2','Facilis in adipisci molestiae. Suscipit numquam quasi hic est. Libero sint vel minus beatae sed maiores. Rem dicta et repudiandae qui modi dignissimos.',NULL,'1971-06-30 12:48:43','2000-09-06 06:14:03'),
('42','12','Officiis dolores soluta eligendi. Facilis odio ipsa nihil rerum quis ipsa. Pariatur magni aliquid magni quia.',NULL,'2018-07-20 22:27:45','2008-05-13 07:33:32'),
('43','53','Quos vel nesciunt autem non sint. Iste veritatis eum non exercitationem modi aut. Praesentium eligendi commodi molestias atque porro. Et consequuntur tempora iusto.',NULL,'1997-07-02 18:03:39','1989-10-19 16:05:26'),
('44','37','Odio sunt non aut facilis repellendus non repudiandae. Et ut consequatur quibusdam aut. Maxime tempore itaque laboriosam modi.',NULL,'2012-08-05 10:46:12','2017-02-25 15:53:15'),
('45','28','Rerum ducimus aut iure cupiditate numquam vel. Pariatur aut quae doloremque et ea et. Et nihil voluptatem placeat molestias ea. Doloremque esse fugiat ex aliquid.',NULL,'1992-05-19 16:18:37','2001-12-14 05:15:52'),
('46','19','Optio non voluptate nulla et corporis dignissimos eum. Qui quia aut consequatur sit mollitia repellat. Repudiandae exercitationem ducimus quidem officia minus officiis officia.',NULL,'1989-09-02 06:21:06','1982-12-14 07:53:15'),
('47','77','Provident et deleniti quos maxime itaque ullam aut. Quo nulla perferendis qui earum neque magnam.',NULL,'1988-08-03 16:42:51','1979-08-11 22:57:08'),
('48','86','Optio molestiae velit aut blanditiis ducimus. Laudantium ad et aut minus velit cumque nihil. Ipsam repellat accusamus dolorem.',NULL,'2011-10-15 13:17:08','2007-08-20 10:32:12'),
('49','43','Ratione sint omnis deserunt ex earum quam explicabo. Voluptas repellendus eum illo et. Sit et nam quo. Suscipit pariatur tempora voluptatum ut ut.',NULL,'2006-07-24 21:02:12','1987-08-13 23:03:31'),
('50','57','Impedit provident laborum a rerum rerum sit quia rem. Sed eaque iste et nihil. Aliquid earum veniam placeat aut maiores voluptates.',NULL,'2011-12-13 02:11:07','2019-01-28 20:42:22'),
('51','81','Vero accusamus aut eum magni. Ratione quidem expedita qui omnis voluptas. Inventore et velit at temporibus quos sit sint corrupti. Dolor voluptatem accusantium accusamus in.',NULL,'2006-02-13 11:50:43','1983-02-28 16:39:35'),
('52','50','Minus ut qui incidunt excepturi quisquam quis. Amet qui est similique voluptatem omnis dolore explicabo. Enim sit tenetur aut sequi beatae porro. Et et eum similique doloremque dolor dolorum.',NULL,'1987-07-22 02:58:27','2008-03-04 00:07:16'),
('53','72','Ut aut qui fugiat in at. Voluptatem officiis sed omnis enim quam fugit. Qui provident eos harum odit.',NULL,'2006-03-13 23:36:32','2009-04-29 08:14:49'),
('54','6','Vel autem iusto quo aut fugit laboriosam veritatis. Natus architecto fugiat quae qui perspiciatis. Tempore ratione perspiciatis laboriosam quia. Repellat officia tempora quos et dignissimos praesentium est.',NULL,'1973-02-02 20:00:12','2016-05-10 02:49:15'),
('55','32','Maiores consectetur ea laudantium officia nostrum iure. Ut autem molestias repudiandae voluptatem omnis ipsum magni. Voluptas ut et natus nobis. Ut est est possimus vel sint.',NULL,'2000-02-01 22:59:20','2005-04-27 15:31:50'),
('56','57','Repellat magni quae dignissimos dolore id rerum voluptatem. Rerum et ullam voluptatum velit veritatis culpa provident.',NULL,'1980-05-06 18:00:16','1976-02-19 16:32:26'),
('57','94','Asperiores tenetur et labore odio distinctio quia provident. Deserunt occaecati accusantium labore aspernatur. Voluptatibus nesciunt mollitia quasi at quos consequatur modi. Eos enim recusandae quia voluptatem corporis provident.',NULL,'1986-05-29 21:13:41','1998-09-27 21:31:26'),
('58','35','Aliquam voluptates consequatur rerum ea iusto odit sint. Ea praesentium cum voluptatum ut explicabo. Quibusdam cupiditate unde vel inventore suscipit nihil.',NULL,'2011-11-20 22:43:15','1980-03-31 15:32:06'),
('59','42','Quo autem quis vel sit. Unde aut vero eum qui vero corporis. Magni tempora doloribus aut ad eum dolores. At numquam perferendis rerum.',NULL,'2007-10-13 04:18:58','1973-10-04 18:44:49'),
('60','11','Aperiam repellendus delectus est voluptas quidem. Deserunt ut omnis quo quasi voluptatem. Quae rerum ipsam non itaque. Ut nam expedita quia totam dicta.',NULL,'1977-08-28 10:24:28','2008-08-29 22:46:31'),
('61','19','Doloribus quam et aut in. Et aut dolores impedit quod laudantium. Reiciendis dolorem sit rem sit perferendis perspiciatis voluptatem laborum. Optio illo quaerat natus aliquam perspiciatis ex aut.',NULL,'2019-04-06 19:08:19','1990-02-01 22:48:02'),
('62','94','Veritatis rem libero voluptatem quidem fuga deleniti. Quia laudantium aut velit aut beatae voluptatibus. Assumenda est mollitia iste commodi sunt dolores.',NULL,'1977-05-26 10:45:50','1970-03-23 09:22:07'),
('63','43','Repellat debitis qui aspernatur blanditiis commodi. Qui iusto corporis omnis cumque ipsa est. Voluptas et repudiandae sed expedita aut vel maxime et. Est omnis ducimus culpa voluptatem ut.',NULL,'1993-02-13 16:01:27','1999-08-23 01:52:51'),
('64','36','Repellat perferendis dolor rerum. Expedita in voluptatum nihil. Dolor quibusdam voluptatem sint corrupti voluptatem. Vitae aspernatur cum iste et nulla atque quis.',NULL,'2003-12-21 20:48:12','1993-09-25 16:49:55'),
('65','49','Numquam similique deleniti dolorum magni atque omnis dolorem. Sint deserunt est qui. Inventore fugit officia qui velit suscipit dolores. Facilis illum dolorem ducimus illo. Rerum ut aut minus maiores maxime voluptas.',NULL,'1995-01-25 23:13:37','1994-05-05 06:47:34'),
('66','15','Ad quae placeat voluptates harum ea quisquam. Id ut quam ipsum. Ad odit sunt eius maiores explicabo.',NULL,'1988-06-18 22:03:34','2015-05-29 18:31:04'),
('67','31','Et tempora est magni laudantium. Nam facilis possimus maxime assumenda consequuntur. Aut quia assumenda natus fugiat nesciunt quidem voluptas. Similique quas quaerat explicabo optio.',NULL,'2019-08-04 06:59:26','1999-04-21 15:58:01'),
('68','29','Beatae amet possimus et in odit. Voluptas cumque laborum molestiae fugiat. Consequatur minima cum assumenda est harum. Optio nihil placeat voluptatem voluptatem sit delectus. Qui labore quibusdam esse rerum nihil rem doloremque.',NULL,'1978-03-14 23:13:20','1988-07-31 04:57:23'),
('69','71','Facilis voluptatem aliquam non. Sint repellendus sed quaerat ut dolor itaque quasi provident. Qui dolor corrupti voluptatem cum qui vel. Vel ab eum id.',NULL,'2015-12-14 23:08:21','2017-01-04 09:10:36'),
('70','43','Omnis et in excepturi. Et expedita nisi excepturi. Dolorem sunt expedita cum. Minus dolores aut iste nihil accusantium temporibus.',NULL,'1986-01-27 02:44:10','1978-03-03 12:41:50'),
('71','25','Nisi facilis id tenetur quas eligendi. Neque est eligendi veritatis veritatis aut. Enim rem incidunt vel fugiat nulla fugit blanditiis.',NULL,'1994-06-23 16:58:31','1992-11-15 04:27:33'),
('72','72','Odit error corrupti quod perferendis vitae maiores vero. Tenetur magnam error culpa voluptates ut sit et. Voluptatem quibusdam eveniet molestiae quod. Tempore reiciendis ut aut unde.',NULL,'1987-10-23 18:29:56','2015-06-10 16:24:55'),
('73','55','At debitis eligendi atque vero facilis. Quidem ut fuga omnis voluptatem consequatur ab. Enim minima consequatur enim maxime enim.',NULL,'2008-12-19 07:47:06','2010-02-02 11:51:51'),
('74','77','Vitae iste iusto non sit consequuntur possimus. Qui est qui autem maxime non. Rem illum debitis eveniet velit consequuntur eos id.',NULL,'2002-01-15 11:13:20','2013-07-04 21:58:22'),
('75','9','Ad ipsum odit amet eum voluptate. Et laudantium qui quis.',NULL,'2016-03-26 01:19:19','2006-11-27 17:34:39'),
('76','82','Rerum excepturi ullam praesentium et et cupiditate animi. Est in nostrum ab perferendis. Error odio et praesentium ut labore nisi harum.',NULL,'1984-03-24 10:33:48','2013-12-01 19:38:43'),
('77','96','Voluptas et delectus maxime repellat. Eligendi libero iste dicta esse tempora tempore totam. Consequuntur iste incidunt quis nihil. Eos fugit perferendis itaque dolor corrupti.',NULL,'2018-09-24 21:45:02','2011-03-28 11:19:33'),
('78','85','Aut et ullam facere qui est. Beatae optio esse et in. Alias id aspernatur nam ea delectus a laboriosam. Qui sint laborum vel modi adipisci et.',NULL,'1985-12-27 07:24:50','1974-06-23 20:27:31'),
('79','68','Aut aut soluta cupiditate accusamus. Velit nulla ipsum dolorum explicabo. Necessitatibus occaecati odit quibusdam quidem autem debitis enim. Natus et vel eaque velit provident.',NULL,'1973-09-30 21:49:39','2002-11-07 15:21:43'),
('80','38','Et omnis temporibus maxime expedita veniam atque qui. Fugiat id exercitationem repellat quasi sunt rerum eum. Qui dolores quasi dicta consequatur non officiis sint.',NULL,'1983-10-26 00:00:08','2018-11-26 08:49:32'); 


DROP TABLE IF EXISTS `comments`;
CREATE TABLE `comments` (
  `id` bigint(20) unsigned NOT NULL AUTO_INCREMENT,
  `user_id` bigint(20) unsigned NOT NULL,
  `post_id` bigint(20) unsigned NOT NULL,
  `body` text COLLATE utf8_unicode_ci DEFAULT NULL,
  `created_at` datetime DEFAULT current_timestamp(),
  `updated_at` datetime DEFAULT current_timestamp() ON UPDATE current_timestamp(),
  PRIMARY KEY (`id`),
  KEY `user_id` (`user_id`),
  KEY `post_id` (`post_id`),
  CONSTRAINT `comments_ibfk_1` FOREIGN KEY (`user_id`) REFERENCES `users` (`id`),
  CONSTRAINT `comments_ibfk_2` FOREIGN KEY (`post_id`) REFERENCES `posts` (`id`)
) ENGINE=InnoDB AUTO_INCREMENT=101 DEFAULT CHARSET=utf8 COLLATE=utf8_unicode_ci;

INSERT INTO `comments` VALUES ('1','20','37','Qui placeat dicta dolore recusandae. Veritatis unde mollitia rem nobis adipisci. Dicta rerum quia veritatis ut exercitationem. Quasi dolores est hic aut.','2006-03-28 23:22:49','1978-01-25 14:47:46'),
('2','84','37','Ipsam nisi nemo ut. In rerum id velit dolorem ex. Aut ab harum id ab labore qui similique.','2016-05-29 10:48:45','1997-04-11 02:34:12'),
('3','50','8','Quis neque error commodi asperiores fuga voluptate. Exercitationem deleniti a architecto. Illum saepe atque commodi. Occaecati magni quod quam eum doloribus suscipit et.','2004-04-19 17:25:14','1989-03-13 07:29:51'),
('4','81','11','Eius repudiandae et quia consequatur non voluptatibus explicabo. Deserunt quidem et qui et rem. Error qui sunt explicabo doloribus nesciunt. Aut est nihil alias quos molestias ut.','1992-12-16 05:02:29','1988-03-29 08:02:10'),
('5','67','14','Minima vel aut eos omnis accusantium cupiditate ea. Quibusdam nesciunt voluptas voluptatem. Facere impedit dicta quia sint enim nulla illo. Vitae voluptatibus occaecati molestiae debitis.','1983-03-19 20:24:19','2009-01-05 18:42:13'),
('6','45','71','Vel corporis voluptas magni sed autem non rem sint. Qui soluta unde animi maxime est magni et. Sit libero exercitationem rerum aperiam delectus.','2009-12-07 11:37:21','1975-11-06 09:46:10'),
('7','13','71','Quaerat fugit omnis est velit. Iusto cupiditate et sit atque. Perferendis incidunt quae totam odio at.','2017-01-17 20:18:12','2003-11-29 19:06:53'),
('8','42','11','Alias sequi error omnis et quas ex alias ab. Aut ipsum architecto autem a quas rerum hic aut. Inventore aut ea laborum neque. Voluptate non natus quisquam beatae et saepe.','1999-08-16 20:30:42','1980-12-02 04:08:54'),
('9','76','73','Totam recusandae rem qui quis error. Sed numquam ratione quod at dolorem possimus velit omnis.','1990-09-24 04:30:42','1991-01-25 10:57:08'),
('10','6','58','Ex architecto voluptatem et. Sunt ea repudiandae debitis omnis. Dolores incidunt rerum dignissimos qui est enim qui. Eos alias nihil accusamus et.','2020-03-12 11:25:59','1990-06-19 22:30:29'),
('11','73','54','Sit molestias corporis nihil qui odit est aut laborum. Id odio incidunt consectetur non. Sint consectetur rerum veritatis voluptatem.','1975-09-15 12:19:06','1980-03-13 01:52:25'),
('12','87','2','Cupiditate quod veritatis sunt quasi et amet. Molestias dolor debitis velit dolorem quia in. Dolorem eum explicabo ab nemo iste illum nostrum cum. Error qui inventore sequi.','2009-08-21 13:20:25','1975-03-31 05:45:45'),
('13','57','71','Provident voluptatem ducimus et. Et nulla sit non optio. Voluptas et officiis odit animi odio tempora qui. Cumque et nam eos rem. Nobis ut aut necessitatibus aliquid molestias.','1985-03-17 15:25:45','1993-09-16 02:33:35'),
('14','35','62','Quisquam officiis enim maiores saepe. Voluptatum nobis sequi nemo eveniet earum ullam. Quidem cum quisquam itaque ad.','1970-01-06 08:15:21','2012-04-29 01:14:45'),
('15','65','76','Aut ipsam qui ex sit aut sed est. Excepturi et ipsum delectus tenetur ipsum et eum.','2004-09-05 12:00:10','1997-11-09 07:55:28'),
('16','53','68','Consectetur dolorem voluptate sed maxime sit natus fuga. Nihil et magni id ullam et. Quam ad et adipisci est molestiae doloribus error.','2010-05-24 11:34:46','1975-01-04 03:56:50'),
('17','41','29','Accusamus sint molestias ea sint dolore ipsam non. Et neque suscipit cupiditate magni natus porro ad veniam. Sapiente hic earum molestiae quo assumenda perspiciatis vero. In similique ut aut et veniam.','1972-08-04 13:57:11','1995-05-04 03:05:19'),
('18','30','73','Omnis facilis assumenda tempore id eos autem sint. Sed nostrum asperiores tenetur et nesciunt.','2003-08-21 13:49:15','1972-11-16 12:37:49'),
('19','46','9','Explicabo voluptate ut cumque vel natus doloribus. Necessitatibus quia quo non aut a ex eaque perspiciatis. Ut hic repellendus sint incidunt qui consequatur eveniet doloremque. Aut non et consequuntur culpa officia.','1988-10-20 21:11:05','2004-02-05 05:43:05'),
('20','3','10','Dicta quibusdam ut laudantium omnis aut. Voluptatibus nihil odio vitae quaerat quas alias quam.','1998-02-06 02:58:25','1978-09-10 11:52:38'),
('21','27','38','Illo quia perspiciatis vero et dolorem ratione eos. Consequuntur velit consequatur provident quos ipsa at iure. Ut aperiam dolore dolor quidem accusantium iste quae. Iusto tempore molestiae voluptates id vel qui autem.','2015-01-21 17:42:08','1991-07-02 15:29:41'),
('22','1','32','Porro magni occaecati maxime quidem quia facere unde. Officia delectus ratione et vero in quas. Ipsa dolorem dignissimos et ut ducimus.','2016-01-08 19:16:37','1998-06-24 08:05:03'),
('23','36','34','Unde incidunt aut quas doloremque quia alias. Aut in reprehenderit et consequatur consectetur. Iusto est deleniti ullam eum.','1989-08-13 03:17:36','2005-11-19 22:19:31'),
('24','53','10','Quia aut recusandae dignissimos voluptatem. Ducimus non aut exercitationem perferendis dolorem. Quasi odit non asperiores labore quia at. Magnam facilis labore voluptatum tempore. Nam dolor perspiciatis recusandae dicta in est placeat.','2006-12-18 19:22:06','1984-08-08 01:33:32'),
('25','32','46','Vel consectetur adipisci repellat ut ad. Consectetur maiores reprehenderit dolorem delectus suscipit et velit. Corporis sit consequuntur sed pariatur eaque id dolores. Aut assumenda aut quisquam quo.','1972-09-27 21:17:39','1982-12-15 04:35:36'),
('26','83','4','Expedita qui repudiandae cum numquam exercitationem voluptate expedita. Enim inventore suscipit occaecati molestias aliquam quasi animi. Id veniam ipsum sapiente aut aliquid voluptas iusto. Molestiae est et deserunt ex molestiae laudantium.','2012-02-17 12:05:09','1980-04-24 09:40:25'),
('27','25','56','Quasi quia rem velit nulla perspiciatis quidem dicta. Quo dolor omnis qui. Quas doloremque accusantium facere tempora. Illo quisquam eveniet doloribus est.','1972-12-02 15:13:01','1983-09-14 17:10:12'),
('28','6','65','Quis possimus ex ut fugiat qui eum. Incidunt sequi quos porro rerum consectetur ut officiis pariatur. Aliquam iure occaecati non nostrum natus vel voluptatem.','1982-04-08 03:29:10','1994-06-14 16:14:50'),
('29','58','32','Rerum ut quo quasi molestiae sit commodi eveniet. Fugiat commodi sapiente nisi quo repellat suscipit id excepturi. Sunt ut quasi et doloribus rem molestias repudiandae.','1986-07-18 08:36:10','2006-06-14 16:06:30'),
('30','58','18','Vel aliquid nulla atque tempora. Dignissimos et provident dolor. Qui in fugit rem mollitia nihil est officia esse. Velit cupiditate ipsum laboriosam provident et facilis.','1998-12-21 17:49:13','2015-10-11 05:25:52'),
('31','35','8','Nobis voluptates voluptatem unde atque sunt reiciendis et expedita. Sit autem magnam et amet et repellat. Voluptatibus sint ut dolores et est non. Commodi inventore et molestiae consectetur placeat alias alias.','1995-08-10 10:23:34','2012-10-16 23:24:08'),
('32','6','60','Nobis voluptas voluptas sapiente est voluptas voluptatem. Et accusamus voluptatem aspernatur voluptatem quam. Rem reprehenderit et perferendis odit laudantium quam. Odio exercitationem non dolor qui ea voluptatem.','1978-04-11 16:34:01','1978-11-15 02:48:42'),
('33','46','28','Quis sit fugit officia. Similique dolorem cumque sed molestias placeat quisquam. Ab exercitationem sed eos reprehenderit. Iste autem quis explicabo quae.','2010-09-14 01:26:13','1997-10-04 05:17:27'),
('34','65','73','Quia aut illum consequatur et dignissimos illo perferendis. Quia est beatae minus corrupti aut ut dolorum. Veritatis et placeat sunt.','1981-01-07 06:28:06','1991-11-14 17:21:48'),
('35','45','54','Explicabo voluptates eveniet quaerat laudantium a voluptatem. Et fugiat fugit maiores aspernatur itaque perspiciatis iste saepe.','1975-06-29 08:02:14','2019-10-28 20:21:33'),
('36','3','58','Nulla et id qui voluptatibus eaque sed non. Et quaerat est eum culpa optio repellat quisquam fugiat. Ullam aliquam aut explicabo velit. Voluptates veritatis rerum quo dicta dolore et repudiandae doloribus.','1988-02-02 14:21:20','1992-12-19 02:56:46'),
('37','15','3','Et earum nam alias laboriosam aut doloribus ipsum. Aut voluptas expedita placeat. Et nihil ipsam consequuntur id modi quod. Autem aut et aut rem est labore est.','1970-10-25 05:20:07','2005-04-14 23:34:58'),
('38','11','40','Placeat qui omnis laboriosam omnis magni est. Distinctio repellendus sapiente dolor.','2004-12-27 16:33:20','1995-12-01 08:06:35'),
('39','45','51','Qui et ad excepturi voluptatum libero aut ipsum. Ea incidunt doloribus voluptas et. Saepe velit minus et ratione et velit veniam.','2000-02-19 07:10:59','1979-06-04 00:52:57'),
('40','61','61','At molestiae voluptatibus mollitia explicabo. Qui assumenda amet nesciunt repudiandae enim cumque non. Perspiciatis neque in atque distinctio et harum alias.','1996-07-25 17:35:32','2009-02-04 06:57:52'),
('41','21','35','Est eum sapiente in sint. Aut at et neque et. Ut dicta qui sunt quia odio ipsam.','1982-11-27 21:12:00','1997-03-03 20:19:07'),
('42','80','37','Labore ut est neque doloremque quasi consequuntur porro. Aut ut omnis aut hic quisquam qui rem. Est odit odit ut molestias tempore.','2013-10-28 17:11:06','2016-09-06 12:39:43'),
('43','13','69','Nostrum recusandae fugit fugiat veritatis quibusdam omnis animi qui. Modi ea et quas nisi aut et aut praesentium. Eaque velit reiciendis in tempore saepe architecto. Quam iste expedita occaecati eum.','1980-07-29 00:40:52','2012-03-09 21:46:37'),
('44','27','56','Ipsum aut eveniet quam totam. Excepturi consequatur repellat corrupti. Aut architecto quia corporis voluptates expedita. Et quo exercitationem omnis eos numquam cupiditate animi nesciunt. Numquam vel velit rerum cumque.','2002-02-04 18:54:02','2009-07-14 05:55:14'),
('45','26','68','Aut adipisci non nisi. Quia voluptas sit qui in consectetur eum magni eos. Ut quidem vero consequuntur a illo ipsam odit.','2013-01-20 22:37:47','1995-11-04 12:41:26'),
('46','92','48','Qui nisi consequuntur sequi expedita est autem deleniti. Quae rerum non facere tempore quaerat. Consectetur sit minima deserunt. Quibusdam et in eum repellat eius possimus.','1982-03-14 03:33:05','2016-06-26 04:59:30'),
('47','94','78','Voluptatem accusamus odit esse suscipit. Odio et eos repellat. Temporibus consequatur quisquam nulla. Neque ducimus cupiditate consequatur neque enim qui aut molestiae.','1984-03-10 01:59:57','1993-09-29 20:50:59'),
('48','35','32','Totam voluptas necessitatibus molestiae blanditiis. Adipisci in quidem quisquam repellendus cumque. Similique vel dolor asperiores blanditiis.','1984-10-31 16:35:51','2016-03-20 16:03:17'),
('49','32','79','Sed nihil cum repudiandae. Aut asperiores maxime magnam dolor est dolorum aspernatur. Eos dolorem necessitatibus ullam assumenda exercitationem qui eos. Sit temporibus harum magni ipsam.','1998-02-14 10:43:46','1981-07-27 18:17:40'),
('50','30','61','Et voluptatem facere vitae fuga. In deserunt veniam suscipit voluptas beatae praesentium voluptas. Nesciunt ratione expedita aspernatur aut consequuntur modi. Eum enim sit earum optio deserunt molestias repellendus incidunt.','2008-05-25 08:03:47','2010-06-15 22:21:01'),
('51','66','26','Illo nobis assumenda et ea. Sed quia est quia possimus deserunt dolorem. Odio similique reiciendis perferendis optio distinctio.','1988-01-31 16:35:49','1996-05-26 04:18:26'),
('52','48','64','Et earum assumenda corrupti a voluptas laborum consequatur. Quibusdam ut autem odit qui. Et harum autem molestias explicabo cupiditate.','1982-10-25 21:25:48','2001-03-17 14:51:48'),
('53','36','47','Nam saepe distinctio tempora labore. Dolorem magni voluptate doloremque. Quod tempora architecto qui quae quam. Repudiandae quia magni ratione libero exercitationem reprehenderit illo.','2006-10-07 17:28:44','1996-08-18 00:44:43'),
('54','30','64','Perspiciatis praesentium ut vel omnis ipsum corrupti. Vel voluptas consequatur alias ipsum esse ea consequatur.','2002-12-03 16:58:04','1985-12-11 15:09:11'),
('55','21','73','Doloribus ex illo vero. Animi cupiditate eos laboriosam ut facilis fuga porro. Repellat sint aut quia sed. Reiciendis in eveniet ratione aliquid dolores tempore aut.','2007-11-09 02:59:01','1982-04-29 04:53:27'),
('56','56','33','Modi blanditiis delectus cumque vel in. Et libero cupiditate laudantium. Magni dignissimos consequuntur voluptatem expedita quo.','1974-08-30 09:29:44','1991-11-24 06:12:37'),
('57','35','29','Soluta cupiditate natus dolorem aspernatur. Libero cumque autem illum distinctio id. Placeat quia sint sed hic occaecati sed.','2004-12-03 12:27:37','2011-08-25 10:36:27'),
('58','87','38','Corporis consequuntur ut est. Consequatur rerum repudiandae quidem. Aut ut nam et velit officia aut repudiandae.','1987-11-08 07:28:04','1994-02-25 09:16:07'),
('59','22','10','Eaque quos sit earum omnis nemo. Amet tempore quia sapiente ea iste sint. Laudantium aliquid dolore error quia iste.','2011-04-30 14:25:58','1980-09-11 03:36:40'),
('60','17','38','Aspernatur doloremque qui et odit quae. Nisi eius ut facere sint similique optio eum blanditiis.','1997-10-01 01:22:31','1989-06-05 00:22:29'),
('61','97','7','Aliquid illum totam asperiores dignissimos architecto fugit minima. Repellendus incidunt doloribus qui dolor quis libero est. In incidunt ad velit animi modi est voluptatem.','1995-03-08 20:56:36','1993-10-01 11:02:55'),
('62','7','72','In ut quia est molestiae qui sunt. Doloribus omnis voluptatibus laboriosam. Ex ea aperiam enim nesciunt et dolorem sunt. Distinctio illo esse sint.','1972-10-14 06:17:45','1972-11-28 06:32:43'),
('63','5','33','Error eos aut in dolor asperiores. Qui ut qui enim ab similique veritatis esse dolor. Quis voluptatem omnis sit. Blanditiis dolores repellat et minus molestiae molestiae. Aperiam rerum omnis quasi quia blanditiis nihil voluptatem iure.','1973-03-03 10:57:14','2005-01-03 10:34:13'),
('64','29','29','Ea non repudiandae omnis rerum ea quam aut voluptas. Et optio aperiam ad molestias. Similique earum ad cupiditate placeat. Perferendis est expedita amet qui sit.','1983-07-11 06:52:46','2014-02-22 02:56:32'),
('65','39','47','Aut ea et et voluptas molestiae nulla fuga ea. Harum eligendi quas id hic ad qui. Quasi ullam architecto doloribus et velit ipsam. Dignissimos magnam delectus aut.','2012-08-06 00:09:22','2008-05-27 14:16:08'),
('66','12','4','Consequatur quas quae qui nam voluptatem. Est non nisi minus eum facilis. Molestiae velit accusantium sit aut magnam. Corporis deserunt maiores mollitia. Porro est porro laborum impedit eveniet a.','1971-11-15 19:30:44','2018-10-13 12:18:19'),
('67','91','48','Aliquam ullam qui et inventore earum. Autem quia distinctio a veniam voluptates ut vitae laboriosam. Asperiores qui assumenda quasi.','1977-11-18 18:13:59','2001-01-19 13:52:21'),
('68','84','21','Libero numquam rerum ipsam. Odio incidunt deleniti sit incidunt et harum quod. Aut eaque fugiat commodi necessitatibus. Dolorem sed est at illum omnis est numquam.','1976-10-06 09:01:59','2006-05-11 19:50:44'),
('69','18','11','Ut eum sapiente adipisci non. Reiciendis officiis rerum autem id at necessitatibus. Qui ab nulla nulla doloremque qui qui id. Aut qui facere fuga laborum recusandae.','2002-09-11 05:03:52','1989-03-27 23:22:26'),
('70','6','31','Molestiae vero voluptas voluptatem. Ea sequi doloribus veritatis dolore. Debitis eos numquam et vitae iure aut quidem at.','2018-12-03 05:06:04','2016-03-06 05:47:26'),
('71','4','49','Minima perspiciatis ut error incidunt et consequatur. Necessitatibus voluptatum fuga ut praesentium qui aspernatur. Animi sed omnis maxime nisi. Est tenetur et quia et ea.','1982-09-14 12:41:49','2003-04-03 12:31:44'),
('72','80','31','Non unde alias voluptatem vitae ducimus non. Occaecati qui libero quaerat qui. Voluptas consequatur blanditiis omnis.','1972-08-16 12:22:20','1994-09-27 12:12:18'),
('73','97','53','Quia et et necessitatibus et dolor ullam. Sit natus laudantium similique ipsa minima necessitatibus. Delectus praesentium ad dolores tempore laborum vero. Voluptas voluptas enim quos suscipit cupiditate dolore.','1998-10-05 17:45:13','2014-02-05 18:28:24'),
('74','85','14','Iure dolores sed sint et. Voluptas vel est voluptatem ratione earum. Iste nemo dicta culpa perspiciatis. Dicta at neque ut quos.','1988-11-04 19:00:12','1979-04-26 13:33:33'),
('75','78','2','Tempore aliquam facere cumque quis. Atque ut sunt eaque ab necessitatibus. Sed voluptates quam magni quod ea enim. Maxime repellat ullam qui nobis amet voluptatem.','1978-07-10 21:40:41','1992-07-15 11:55:02'),
('76','64','59','Facere ut sit nostrum ea ut nostrum quia. Saepe enim tempora laudantium velit. Hic voluptatibus ratione praesentium. Quidem similique excepturi fugit corporis excepturi. Ea autem eos ducimus est quod id excepturi.','1972-01-12 16:16:43','1978-04-15 18:18:35'),
('77','10','56','Error officiis amet veniam quia quia. Minus assumenda omnis inventore sit modi. Voluptatem iusto minus explicabo temporibus sunt.','2004-03-17 12:38:07','1997-07-14 09:08:25'),
('78','64','11','Excepturi nostrum hic qui. Hic voluptate in officiis. Perferendis et in eaque non.','2009-06-28 18:38:51','1978-10-20 23:50:50'),
('79','10','74','Sequi dignissimos rerum id fuga omnis. Et perferendis expedita dolores sequi enim sunt eum. Modi reiciendis consequuntur temporibus sed veritatis eum modi. Officia voluptatum animi accusantium nisi cum. Officia reiciendis illo nostrum nihil non aut et.','2017-10-22 06:40:48','1990-05-30 17:30:42'),
('80','49','39','Accusamus repellendus nihil qui maiores quibusdam temporibus. Voluptas voluptate ullam vel libero. Est eum officiis aut vel accusamus sunt delectus. Numquam fugiat et sint neque.','1993-04-05 23:17:07','1974-05-28 01:00:02'),
('81','50','48','Adipisci deleniti reiciendis omnis. Voluptatum enim aut omnis tempore velit. Qui voluptas quia in tenetur ut laborum.','1973-04-14 20:50:27','2016-04-27 20:37:29'),
('82','53','32','Exercitationem consequuntur officia cupiditate consequatur qui quaerat aliquam. Natus distinctio doloremque rerum.','2011-05-27 19:59:54','1997-11-09 13:24:29'),
('83','19','30','Vero et voluptatum rerum ea deleniti perspiciatis occaecati magnam. Facilis dolorem sint ullam ullam qui neque. Eligendi et laborum id qui. Ad et reprehenderit praesentium sed praesentium aperiam.','1975-02-09 13:09:13','1983-05-16 17:58:47'),
('84','66','29','Inventore mollitia quisquam est dignissimos qui et. Inventore expedita in quibusdam. Eaque non ipsum rem debitis. Reiciendis aspernatur porro architecto necessitatibus.','1978-07-08 01:34:09','1987-04-25 20:38:15'),
('85','51','57','Magni exercitationem eligendi et harum. Saepe eum dolores natus quia earum. Dolor sit ratione suscipit. Exercitationem voluptatibus fugiat consectetur aut voluptate numquam.','2007-01-12 06:34:31','2008-09-13 05:41:47'),
('86','74','44','Rerum et sit consequatur aut rerum vitae quaerat. Eligendi ut optio non animi quia atque qui. Similique nesciunt debitis reiciendis officia.','2007-11-10 21:39:40','2005-12-28 11:09:18'),
('87','32','43','Officia quaerat sapiente laborum illum necessitatibus et. Modi beatae sint autem aliquid iure qui nihil. Dolor impedit rerum blanditiis laudantium nisi rerum dolor beatae. Quasi architecto facilis labore eaque aut sunt.','1983-12-01 11:09:34','1982-09-30 09:52:29'),
('88','93','23','Voluptate et omnis et ut reprehenderit voluptatem. Ducimus aut quia nemo eaque sunt et aliquid. Minus nostrum error inventore corrupti. Eos tempore dolorum dignissimos voluptas qui asperiores cupiditate et.','1986-03-09 11:10:14','2004-02-20 08:38:20'),
('89','19','62','Perferendis sit minima ad sit autem. Dolorum qui omnis quia iure et officia quidem incidunt. Minima voluptas voluptate ut voluptatem et. Expedita nam delectus non rerum id.','1986-02-11 11:13:05','2010-05-07 19:22:34'),
('90','46','77','Perspiciatis quo soluta repellendus esse voluptas dolor. Quos beatae praesentium voluptatibus aut accusamus est. Neque impedit in quis molestiae natus saepe.','2000-01-24 12:27:57','1975-03-27 13:36:47'),
('91','79','8','Temporibus qui voluptatem quam laborum molestiae molestiae eaque. Odio iusto et unde non possimus ut.','1990-03-05 03:07:31','1970-03-04 09:41:35'),
('92','69','70','Explicabo quia consequatur minima et doloribus cumque. Minus sit suscipit nobis vel distinctio qui. Molestiae incidunt ad veritatis quibusdam non nisi eos. Illum ut labore dolores incidunt quisquam esse.','1994-04-13 09:10:33','2016-05-20 01:52:06'),
('93','79','26','Eum eum ut saepe. Et nulla ut quam quasi. Fuga consequatur veniam quis veniam.','2018-03-24 04:49:20','2006-07-24 17:01:06'),
('94','1','71','Distinctio cupiditate ad dicta. Necessitatibus facere vel et voluptas ullam.','2009-08-13 19:50:35','2011-09-15 12:46:52'),
('95','24','39','Suscipit error quos voluptatem. Voluptatibus qui accusamus omnis temporibus. Consequatur qui ut repudiandae eum laboriosam iure.','2015-10-11 08:24:50','2007-10-02 01:40:49'),
('96','38','59','Adipisci cum sed omnis et. Ducimus dolorem et laudantium blanditiis ut. Quae maxime quo reiciendis quia harum.','1973-02-24 23:43:12','1970-07-07 23:20:55'),
('97','9','72','Harum eum et quis velit nam ratione nesciunt hic. Eius molestiae laborum nihil natus sint deserunt unde maxime.','2013-03-10 06:21:53','1985-03-26 11:48:44'),
('98','13','22','Non est tempora est. Autem tenetur natus est odio aut. Cumque rerum quae rerum ipsam.','1982-08-14 16:57:57','2008-01-12 08:43:42'),
('99','27','63','Sint vero harum labore explicabo porro voluptatem. Rerum aliquid quam necessitatibus autem ut reiciendis dignissimos ut. Fuga illo blanditiis ut quibusdam quas necessitatibus. Aut ipsam consequatur laudantium consequatur autem ad consequatur. Dicta vero hic harum modi temporibus natus nostrum.','1994-12-29 16:14:54','1970-09-19 17:03:55'),
('100','64','62','Alias inventore soluta nulla architecto. Ea rerum et sequi eum. Est nulla ea et nostrum sit. Quod est voluptatem voluptas corporis dolor nemo soluta.','1983-08-18 23:45:13','1973-06-12 03:13:45'); 

DROP TABLE IF EXISTS `photos`;
CREATE TABLE `photos` (
  `id` bigint(20) unsigned NOT NULL AUTO_INCREMENT,
  `user_id` bigint(20) unsigned NOT NULL,
  `description` text COLLATE utf8_unicode_ci DEFAULT NULL,
  `filename` varchar(250) COLLATE utf8_unicode_ci DEFAULT NULL,
  PRIMARY KEY (`id`),
  KEY `user_id` (`user_id`),
  CONSTRAINT `photos_ibfk_1` FOREIGN KEY (`user_id`) REFERENCES `users` (`id`)
) ENGINE=InnoDB AUTO_INCREMENT=101 DEFAULT CHARSET=utf8 COLLATE=utf8_unicode_ci;

INSERT INTO `photos` VALUES ('1','79','Est laboriosam similique perferendis voluptates eum itaque quod. Tenetur in minus dolorum earum et accusantium.','ullam'),
('2','95','Voluptatem odit qui repudiandae porro delectus non. Odio nisi sed soluta nesciunt consequatur eaque velit. At earum illo nulla fugit laborum. Placeat quis aut excepturi enim ipsam.','rerum'),
('3','85','Recusandae nobis mollitia omnis fuga ipsa. Sint perspiciatis laudantium temporibus aliquam autem laudantium. Non temporibus consectetur mollitia aut aut est omnis est.','magnam'),
('4','6','Et optio esse aspernatur soluta dolor aut dicta. Temporibus modi debitis consectetur quod illo ab ratione ut. Eaque itaque dignissimos consequatur et. Et nisi rem quod culpa aut et. Neque tenetur sit repellendus ut.','aut'),
('5','33','Soluta aut distinctio fugiat aut rem. Rerum ut et consectetur autem corrupti. Quaerat sed amet consequatur possimus. Est dolores eius assumenda.','aut'),
('6','91','Beatae qui nihil voluptatem quaerat dolor rem. Qui consequuntur corrupti voluptas et odit aut est.','repellat'),
('7','100','Ipsa cupiditate accusantium quibusdam consequuntur animi nam omnis. Vitae tempora voluptatum in praesentium odit ut.','unde'),
('8','4','Officia sit voluptas perspiciatis occaecati. Saepe nulla facilis autem aliquid tempore veniam. Sed animi aut fugiat molestias doloribus et consequatur omnis. Maxime dolore deleniti nam laudantium inventore ut ut.','consectetur'),
('9','97','Dolor necessitatibus est sed vel. Et veniam aut omnis eius autem ad atque. Est quia laudantium eum non dolor molestiae aliquam iusto. Tempore dolor sunt qui omnis velit quia error dolores.','voluptates'),
('10','60','Aut id veniam dolores molestiae tempore a molestiae debitis. Vitae est ullam fugiat maxime inventore cumque voluptatibus. Eius et rem aspernatur aut id voluptatum ut. Ut inventore asperiores dolore enim itaque vitae sunt tempore. Non aut aut sequi sint.','incidunt'),
('11','7','Accusantium eius rerum laudantium autem et voluptatum facilis cupiditate. Autem provident porro dicta id delectus.','qui'),
('12','97','Corporis minus aut neque tenetur est ex. Quaerat et itaque in quam. Id ut quod beatae dignissimos maiores ipsum animi.','eligendi'),
('13','89','Qui dolores ut soluta reiciendis non perspiciatis iusto voluptatem. Aperiam architecto qui consequatur labore nam. Aut et aut alias nihil velit cupiditate voluptatum. Beatae qui et quia nam itaque quasi.','voluptatem'),
('14','70','Aut qui enim ullam. Delectus est veniam dignissimos sit. Id eum officiis fuga ipsa.','eos'),
('15','68','Quia error soluta minus maiores aspernatur sunt. Officiis voluptas quaerat cumque asperiores. Nemo sit in vel est et commodi mollitia.','praesentium'),
('16','22','Nobis deleniti dolorem nihil voluptates. Velit alias rerum voluptatibus aut. Minus ipsum et molestias aliquam id expedita.','recusandae'),
('17','85','Et quo aut autem aut fugiat. Excepturi excepturi nisi totam in nesciunt odio quis. Qui tempore a minima deleniti excepturi hic in vero. Temporibus qui est sequi rem sit voluptatem.','voluptatem'),
('18','16','Maxime architecto enim qui ducimus sequi in vel iste. Deleniti in ut omnis tenetur dolorem. Omnis vitae id eum nihil ut architecto.','aliquid'),
('19','29','Quia consequatur corrupti fugit qui officiis. Pariatur est optio sint quasi repellendus magni temporibus. Adipisci ex et molestiae cumque recusandae ut. Et cupiditate reiciendis omnis. Dolores quo ipsa voluptatem possimus.','et'),
('20','10','Qui nesciunt dicta eaque dolorum quam suscipit. Aut quia nobis ipsa perspiciatis sit quis dolores. Ducimus et aut velit.','quidem'),
('21','28','Aut accusantium suscipit quam sit eos recusandae. Qui perspiciatis harum itaque ducimus.','sit'),
('22','86','Iure consequatur consequatur repellat consequatur. Eligendi alias tempora tenetur hic et id laudantium. Voluptatum placeat placeat fuga. Assumenda delectus voluptatem laboriosam odit aut.','voluptas'),
('23','9','Ut vel beatae eos consequatur vel quo sed. Maiores in tempora ea blanditiis. Consequatur qui soluta et laboriosam officia incidunt.','in'),
('24','66','Dicta rerum nulla nihil ut. Quo temporibus eum at quo illo voluptate.','voluptate'),
('25','49','Ab tenetur ut accusamus animi ex sequi. Delectus non sit similique dolor consequatur sunt. Deserunt necessitatibus vitae id deleniti unde. A doloribus natus dolorum et est.','officiis'),
('26','41','Delectus ad ullam eos ut qui laboriosam. Qui laborum sunt in quos dolore. Ad voluptatem perferendis est sint tempore molestias non.','non'),
('27','72','Ex veritatis aut autem aspernatur eveniet beatae. Commodi placeat dolorem laboriosam blanditiis earum. Enim molestias eum sit. Animi voluptatum est veritatis ab maiores incidunt.','et'),
('28','49','Non sunt occaecati voluptatibus iste aut in. Ut et sunt ut et. Aut placeat consequuntur corporis mollitia omnis. Quia at quasi dolor accusantium est id recusandae.','omnis'),
('29','68','Rem occaecati saepe reiciendis consectetur voluptate sunt fugit. Voluptatem pariatur ab est sit deserunt repellendus. Tempore eligendi ut dolorem earum vero quasi nulla.','ipsum'),
('30','96','Esse quis minus expedita omnis pariatur autem quis. Dolore nesciunt reprehenderit deserunt et ad omnis veritatis. Rerum eos omnis molestiae vel error aut neque.','in'),
('31','2','Voluptatem sint et commodi maiores doloribus laborum. Eos iure voluptatum quia quis. Ut voluptas inventore culpa asperiores dignissimos est et.','deleniti'),
('32','46','Quia et voluptate placeat sed ea qui. Nobis explicabo earum atque quis cumque omnis. Qui qui assumenda esse soluta esse ea nihil.','repellendus'),
('33','90','Voluptatum magnam rerum quo iure. Ex nostrum iure tempore corrupti atque possimus aut aut. Iusto necessitatibus ex harum consequatur qui omnis. Error molestiae totam quo aliquid.','sunt'),
('34','87','Sint adipisci sunt officia non esse quos. Doloribus eligendi voluptatum consequatur laudantium quo nostrum. Beatae quis sed ut autem est praesentium quod. Pariatur totam ducimus voluptas blanditiis vel.','eveniet'),
('35','52','Voluptas earum ut ut reprehenderit iste occaecati. Consequatur mollitia facere qui quibusdam qui praesentium. Odio dolor architecto accusantium explicabo consequuntur labore. Ex blanditiis vel et animi placeat enim omnis. Eum qui iusto asperiores quasi.','numquam'),
('36','22','Culpa quas et maxime non nihil. Perspiciatis cum itaque aut amet. Praesentium quae repudiandae voluptatibus repudiandae quae fuga nihil. Excepturi dignissimos provident voluptatem ipsam ab.','laboriosam'),
('37','78','Impedit repudiandae sequi sint at laudantium voluptatibus aut. Dicta necessitatibus voluptatem quas reiciendis. Unde sapiente quo nostrum tenetur. Ut veritatis voluptatem magni itaque impedit minima sit nam.','quisquam'),
('38','52','Omnis adipisci sint doloremque ad animi. Deleniti assumenda facilis est. Ipsa ut et et inventore sit hic sunt.','velit'),
('39','26','Quam cupiditate molestiae iusto nesciunt perspiciatis voluptatem quod est. Voluptatum voluptas temporibus minus ullam ullam distinctio mollitia. Sed minus ipsa velit adipisci vel illum est.','reiciendis'),
('40','74','Voluptatem ab ut voluptate iusto exercitationem. Quas odio sint eius quasi illum dolorem. Aperiam adipisci omnis natus sint nemo qui sit. Et nesciunt et et fugit est.','voluptatem'),
('41','11','Voluptas dolores necessitatibus modi iusto beatae ut consequatur possimus. Dolore non necessitatibus voluptate similique quia ut. Totam enim exercitationem iure sequi quo a atque.','placeat'),
('42','32','Dolorem ut officiis doloribus. Et autem incidunt et autem aliquid distinctio. Reprehenderit recusandae vitae corrupti quia laboriosam.','enim'),
('43','70','Praesentium voluptatem ut ut quasi vitae non quas. Magnam quis quia animi consequatur quia. Qui velit doloremque tempora possimus odit et. Vitae aut cum qui quas quisquam.','rerum'),
('44','99','Sapiente odio recusandae iste animi tempora ratione. Blanditiis amet voluptas adipisci.','at'),
('45','2','Non voluptatibus similique veritatis ad et. Voluptatem vitae quidem ut expedita qui fuga corporis aut. Voluptatem voluptatum quo ut exercitationem sunt quae sit voluptatem.','eligendi'),
('46','38','A laboriosam aspernatur eum cupiditate dolorem. Maxime culpa assumenda cupiditate aliquam enim. Dolor alias assumenda nihil ab.','sed'),
('47','20','Saepe architecto consequatur fugit molestias assumenda. Unde velit dolorum in et qui ut. Vel iste molestiae in praesentium.','asperiores'),
('48','86','A voluptas repudiandae harum iusto quia repellat ut. Iusto debitis a vitae corrupti voluptatem voluptatum suscipit. Cum cumque qui pariatur et. Deleniti harum blanditiis excepturi et sint.','ipsa'),
('49','53','Rerum fugiat ipsam quia facere. Sed sed id quia saepe.','non'),
('50','49','In et autem non recusandae totam nisi. Cupiditate est voluptates deserunt minus dolorem dolore. Est distinctio quas et nihil sit nihil beatae. Qui porro aut rerum sit fuga animi porro sequi.','inventore'),
('51','96','Illo occaecati et non est et vitae ut voluptatibus. Pariatur accusamus eaque voluptas dolorum tempore quis nisi. Omnis et facere saepe veritatis sed. Et odit velit necessitatibus deserunt corrupti voluptatum dolores.','quibusdam'),
('52','81','Non officia est id quod. Quia quis nemo debitis consequatur. Eligendi assumenda pariatur velit ad temporibus maxime dolores. Eos ut laborum ut error dolorum est voluptatum.','dolor'),
('53','34','Voluptatum id laborum quia similique recusandae. Et tenetur soluta nihil. Quia ex doloribus eveniet commodi vitae saepe.','reiciendis'),
('54','5','Exercitationem quia dolor eum est dolores voluptatem et. Veritatis pariatur et reiciendis sint eum iusto veritatis. Facere exercitationem enim neque explicabo. Culpa ea neque nihil accusamus ea. Non est temporibus aut quas quas.','sed'),
('55','46','Doloremque minima occaecati odio tempore. Eveniet velit dolor repudiandae qui fuga. At in earum ipsum recusandae dolores.','fugit'),
('56','82','Debitis dolor quia rem quia nostrum et aut culpa. Illo tenetur voluptatum vero nisi ut. Ab aut in recusandae dolorum nemo distinctio nam dicta. Molestiae ea et itaque reprehenderit praesentium.','laboriosam'),
('57','45','Fugiat minima veniam et aut fugit omnis dolores. Et vel ex ut itaque placeat adipisci. Id mollitia enim commodi qui facere aut quaerat. Qui corporis ut eligendi aliquam modi.','ea'),
('58','18','Architecto numquam consequuntur quia doloribus asperiores et. Omnis eveniet molestias cupiditate quidem reiciendis commodi nobis. Eos quia voluptas accusantium accusantium nisi autem hic quia. Eius reprehenderit qui cum ex est cupiditate.','repellat'),
('59','31','Quibusdam ea qui autem eum. Sed dolores dolores iste eum ut non nihil. Tempore magnam ex nulla et quod cupiditate.','sit'),
('60','12','Consequatur velit occaecati labore ullam voluptates. Voluptas et cupiditate ea id vero eum ea quis. Quaerat ut porro iste maiores vel. Cumque velit labore sint quo.','voluptas'),
('61','13','Saepe nostrum quam dolor iste perferendis. Sed sint fuga aliquid asperiores dolorem. Aliquam consequatur a repellat eum.','at'),
('62','32','Eligendi ut laborum dolorem velit officiis. Voluptas eligendi omnis qui molestiae consequatur itaque non officia. Eum rem aut recusandae et rem laboriosam mollitia. Officia consectetur dolorum beatae et qui corrupti.','maxime'),
('63','58','Saepe laudantium sunt veritatis excepturi. Debitis laborum ullam magni nihil numquam debitis. Nihil omnis vitae qui harum reprehenderit explicabo occaecati.','eum'),
('64','3','Ab nihil sequi et dolores voluptate. Ea earum a eveniet veniam et consequuntur voluptatem. Ipsum tempora asperiores voluptatem quia odio alias.','ea'),
('65','18','Qui cupiditate id quo facilis aperiam non est. Quae quo eum sint quia totam repellat harum. Quis quae dolore similique.','sequi'),
('66','10','Vero dolor dolorem rerum laboriosam voluptatem et consequatur sed. Commodi blanditiis exercitationem est quo ea enim numquam. Quia molestias nemo sint omnis id. In repudiandae ea assumenda.','aut'),
('67','24','Repellendus provident placeat minus sed commodi. Voluptatem culpa sit harum minima rerum. Sit culpa minima excepturi rem. Incidunt eveniet distinctio in nulla sed.','distinctio'),
('68','95','Minus sed rem quisquam. Laboriosam ea magni nisi qui qui. Atque et ut vero id in labore magni. Aliquam beatae ea corporis quisquam. Praesentium impedit pariatur porro consequatur sit.','excepturi'),
('69','61','Quo voluptatem facilis voluptatibus voluptatem et et ea temporibus. Asperiores officia qui similique totam ea recusandae non. Nisi natus velit rem animi ad fugiat maiores.','quidem'),
('70','49','Voluptatum incidunt ipsa perspiciatis eos excepturi sunt esse. Maiores est reprehenderit recusandae autem sed. Fuga et reiciendis debitis et nihil ipsa exercitationem. Blanditiis aliquid aut illum dignissimos tenetur dignissimos totam.','quos'),
('71','69','Ut quia deleniti delectus quod veniam non. Molestiae cumque quod sed. Culpa impedit illo sed suscipit iure. In quia esse omnis odio quisquam vel.','sed'),
('72','71','Deleniti reprehenderit maxime exercitationem autem saepe qui vero. Quia omnis ex excepturi. Est consequatur sit atque labore.','porro'),
('73','81','Quaerat blanditiis quos et culpa qui provident cupiditate assumenda. Consectetur dolores laborum autem. Ab et rerum commodi explicabo quis delectus.','id'),
('74','39','Assumenda quibusdam qui ut tempore laborum. Assumenda dolorum eos placeat eum quae et. Porro officiis vel ducimus commodi voluptas. Laboriosam et repellendus occaecati non error voluptatem.','sint'),
('75','70','Velit vero assumenda numquam dolores. Aut molestiae labore aspernatur nam molestiae. Ut mollitia saepe similique animi quo. Eaque natus sed optio facere distinctio ut ipsam facere.','et'),
('76','82','Quia eum totam et totam dicta hic magnam officiis. Ad assumenda exercitationem ratione ut rem minus ipsum. Unde deleniti consequuntur quisquam dolor. Impedit in quisquam voluptas.','dignissimos'),
('77','76','Velit id magni laudantium qui ab. Ea rem voluptas sunt est id. Aspernatur consequatur voluptas enim. Et ut doloremque et dicta nobis rerum sit.','et'),
('78','89','Quia velit quod illo ipsa et. Quibusdam labore alias sapiente placeat aliquid aut.','ut'),
('79','68','Modi nulla qui aperiam. Ea quisquam id autem. Perferendis illo quibusdam quo in rerum qui voluptatem. Pariatur nesciunt non aut earum et.','fugit'),
('80','28','Tenetur laboriosam modi dicta enim assumenda dolorem quam. Praesentium laudantium quo qui quas dolores id autem. Repellat occaecati provident eos in qui rem est dolor.','hic'),
('81','37','Ut autem minima consequatur ut ut rem aliquam. Aspernatur sunt quisquam quibusdam accusamus. Ea blanditiis eum vero autem dolore placeat.','nisi'),
('82','63','Tempore debitis soluta labore mollitia similique nihil repellendus. Officiis minima ratione impedit iusto omnis. Nam quis similique quae.','fuga'),
('83','8','Rerum cum excepturi laborum recusandae. Sed molestiae nisi non illum expedita fugiat porro. Occaecati placeat quaerat dolor qui voluptas sint.','eaque'),
('84','71','Magni rerum assumenda expedita voluptatem laudantium voluptatem ratione. Blanditiis voluptate animi et in itaque recusandae eaque odio. Aliquid nihil quia est dolorum quo eaque exercitationem. Odio debitis commodi rerum fuga.','dolores'),
('85','67','Consequatur aliquid dolore error quaerat pariatur. Dicta similique quia tempora ducimus molestiae iste tempora. Sed delectus nam cupiditate ut deserunt ratione consequatur. Explicabo ut placeat consequatur veniam.','et'),
('86','54','Eligendi sunt molestiae sint quia nesciunt eius vel aut. Non rerum ut dolorem vitae ad. Rem ipsa illo debitis nostrum incidunt eaque magnam esse. Dolor alias consectetur distinctio velit rerum et est.','atque'),
('87','53','Earum corrupti distinctio vel est ea exercitationem. Aut omnis ea doloremque necessitatibus assumenda aut dolores. Perspiciatis dolorem id ullam nihil ducimus.','voluptatum'),
('88','12','Vero aperiam aperiam necessitatibus enim aut. In voluptatum aut ipsam et iusto consequatur sed at. Provident exercitationem ut voluptas veniam. Ipsam et repudiandae reprehenderit assumenda praesentium quis. Tenetur quasi provident incidunt magnam consequatur.','consectetur'),
('89','72','Illum illum est quaerat. Dolor atque et illum a. Deleniti inventore quos dolores ipsa unde suscipit. Doloremque dolor cupiditate aut excepturi soluta.','qui'),
('90','83','Libero vitae non dolores ut. Eveniet tempore consequuntur quia ullam quam autem et. Illum illo modi perspiciatis debitis impedit est. Ipsa consequuntur ea voluptates tempora sequi incidunt.','veniam'),
('91','24','Est qui earum temporibus. Ut blanditiis hic et voluptatum. Assumenda vitae dolor quisquam animi dolor dolor distinctio.','assumenda'),
('92','85','Adipisci consequatur laudantium nobis autem at corporis repellat quod. Est ut sunt quia velit minima soluta vel. Et atque placeat non esse autem.','esse'),
('93','15','Et facilis hic eius maxime nesciunt veritatis. Asperiores aliquam sed qui cum veniam voluptatum. Illum eius est maxime ea enim consequatur nulla. Qui cupiditate qui ut sit.','aperiam'),
('94','81','Labore eveniet sed dignissimos nihil placeat minus. Voluptas eaque adipisci ut.','unde'),
('95','87','Et itaque et labore voluptatem velit facilis nesciunt necessitatibus. Architecto totam nemo repellendus voluptatem tenetur labore. Quis consequatur nihil natus sint ut sit quasi.','sint'),
('96','32','Placeat incidunt est aut nostrum. Dignissimos voluptas laudantium reiciendis aut reprehenderit autem hic. In dolores nulla voluptas. Odit quis quia modi officia et quo ullam.','dolorem'),
('97','90','Et autem non voluptatibus et natus aliquam. Exercitationem culpa consectetur provident deserunt sed voluptatem. Est blanditiis voluptatum nesciunt. Incidunt consectetur recusandae aspernatur omnis quos qui. Ipsum magnam quia illum atque adipisci delectus omnis quis.','ut'),
('98','10','Adipisci non numquam in non et. At aut repudiandae nesciunt error. Commodi pariatur a provident voluptas aut libero.','voluptate'),
('99','27','Sed dolores et cumque quas aut molestias. Illum voluptates eum aut fugiat praesentium. Unde voluptas dolorem sed ad corporis nihil nesciunt.','voluptatem'),
('100','50','Ea provident autem sint velit. Nam quis repudiandae laudantium ad aut similique. Eligendi explicabo neque inventore perferendis beatae provident.','ut'); 

DROP TABLE IF EXISTS `likes_comments`;
CREATE TABLE `likes_comments` (
  `initiator_user_id` bigint(20) unsigned NOT NULL,
  `comments_id` bigint(20) unsigned NOT NULL,
  PRIMARY KEY (`initiator_user_id`,`comments_id`),
  KEY `comments_id` (`comments_id`),
  CONSTRAINT `likes_comments_ibfk_1` FOREIGN KEY (`initiator_user_id`) REFERENCES `users` (`id`),
  CONSTRAINT `likes_comments_ibfk_2` FOREIGN KEY (`comments_id`) REFERENCES `comments` (`id`)
) ENGINE=InnoDB DEFAULT CHARSET=utf8 COLLATE=utf8_unicode_ci;

INSERT INTO `likes_comments` VALUES ('1','77'),
('2','40'),
('2','43'),
('2','94'),
('4','33'),
('5','50'),
('5','89'),
('6','24'),
('7','34'),
('7','49'),
('7','63'),
('8','23'),
('9','77'),
('11','35'),
('12','1'),
('13','40'),
('13','82'),
('15','77'),
('18','59'),
('18','99'),
('22','46'),
('22','63'),
('26','88'),
('27','75'),
('28','98'),
('30','80'),
('31','54'),
('34','2'),
('34','57'),
('34','63'),
('38','37'),
('38','97'),
('39','15'),
('39','79'),
('40','77'),
('41','31'),
('42','22'),
('43','71'),
('45','15'),
('45','41'),
('46','60'),
('46','81'),
('48','33'),
('48','98'),
('49','24'),
('49','67'),
('49','84'),
('50','36'),
('51','65'),
('53','9'),
('53','50'),
('56','14'),
('56','88'),
('57','34'),
('57','67'),
('59','91'),
('60','34'),
('60','38'),
('61','20'),
('61','79'),
('62','25'),
('64','40'),
('65','22'),
('67','2'),
('67','21'),
('68','5'),
('68','16'),
('69','26'),
('69','55'),
('71','17'),
('71','26'),
('71','59'),
('71','75'),
('72','36'),
('73','80'),
('73','94'),
('75','39'),
('76','5'),
('77','95'),
('78','58'),
('79','31'),
('79','46'),
('80','8'),
('81','19'),
('83','5'),
('83','11'),
('83','19'),
('84','12'),
('87','50'),
('87','87'),
('88','37'),
('92','79'),
('92','96'),
('93','3'),
('93','33'),
('95','42'),
('97','70'),
('98','80'),
('99','63'),
('100','59'); 


DROP TABLE IF EXISTS `likes_photos`;
CREATE TABLE `likes_photos` (
  `initiator_user_id` bigint(20) unsigned NOT NULL,
  `photos_id` bigint(20) unsigned NOT NULL,
  PRIMARY KEY (`initiator_user_id`,`photos_id`),
  KEY `photos_id` (`photos_id`),
  CONSTRAINT `likes_photos_ibfk_1` FOREIGN KEY (`initiator_user_id`) REFERENCES `users` (`id`),
  CONSTRAINT `likes_photos_ibfk_2` FOREIGN KEY (`photos_id`) REFERENCES `photos` (`id`)
) ENGINE=InnoDB DEFAULT CHARSET=utf8 COLLATE=utf8_unicode_ci;

INSERT INTO `likes_photos` VALUES ('2','33'),
('2','86'),
('3','24'),
('4','12'),
('4','40'),
('4','67'),
('4','73'),
('5','8'),
('6','93'),
('8','62'),
('8','64'),
('8','77'),
('9','88'),
('13','18'),
('13','45'),
('14','11'),
('14','42'),
('15','93'),
('17','63'),
('18','19'),
('20','38'),
('20','66'),
('21','95'),
('23','25'),
('25','16'),
('25','40'),
('25','98'),
('26','78'),
('26','81'),
('27','5'),
('27','22'),
('27','97'),
('28','52'),
('30','93'),
('32','62'),
('33','51'),
('34','14'),
('36','48'),
('36','53'),
('36','77'),
('37','21'),
('37','73'),
('38','20'),
('38','37'),
('39','21'),
('40','2'),
('41','3'),
('41','60'),
('42','61'),
('43','65'),
('43','85'),
('44','40'),
('44','53'),
('45','4'),
('46','56'),
('47','58'),
('48','78'),
('49','36'),
('50','61'),
('52','51'),
('52','94'),
('53','13'),
('54','11'),
('54','39'),
('54','81'),
('55','28'),
('62','14'),
('64','97'),
('67','47'),
('68','40'),
('69','1'),
('69','85'),
('75','33'),
('76','67'),
('77','28'),
('77','82'),
('78','83'),
('81','30'),
('81','75'),
('81','93'),
('82','91'),
('84','30'),
('84','66'),
('84','72'),
('84','95'),
('86','42'),
('86','55'),
('88','7'),
('90','80'),
('91','40'),
('91','43'),
('91','64'),
('92','16'),
('92','79'),
('93','3'),
('93','77'),
('94','26'),
('94','34'),
('96','31'),
('97','61'); 


DROP TABLE IF EXISTS `likes_posts`;
CREATE TABLE `likes_posts` (
  `initiator_user_id` bigint(20) unsigned NOT NULL,
  `posts_id` bigint(20) unsigned NOT NULL,
  PRIMARY KEY (`initiator_user_id`,`posts_id`),
  KEY `posts_id` (`posts_id`),
  CONSTRAINT `likes_posts_ibfk_1` FOREIGN KEY (`initiator_user_id`) REFERENCES `users` (`id`),
  CONSTRAINT `likes_posts_ibfk_2` FOREIGN KEY (`posts_id`) REFERENCES `posts` (`id`)
) ENGINE=InnoDB DEFAULT CHARSET=utf8 COLLATE=utf8_unicode_ci;

INSERT INTO `likes_posts` VALUES ('1','38'),
('3','12'),
('3','58'),
('4','18'),
('4','37'),
('4','41'),
('5','7'),
('6','71'),
('7','55'),
('7','58'),
('7','62'),
('8','43'),
('8','62'),
('9','51'),
('11','38'),
('11','40'),
('11','70'),
('12','7'),
('13','57'),
('13','60'),
('14','66'),
('15','6'),
('15','33'),
('15','36'),
('17','36'),
('19','34'),
('20','18'),
('20','26'),
('21','23'),
('22','69'),
('24','18'),
('27','44'),
('28','12'),
('29','59'),
('30','1'),
('30','45'),
('31','27'),
('32','52'),
('32','69'),
('33','38'),
('34','69'),
('36','57'),
('36','65'),
('37','45'),
('37','76'),
('38','53'),
('40','2'),
('40','38'),
('40','40'),
('41','30'),
('41','52'),
('43','32'),
('45','45'),
('46','1'),
('46','60'),
('47','24'),
('47','32'),
('47','43'),
('48','59'),
('48','77'),
('54','32'),
('57','46'),
('58','79'),
('59','9'),
('60','20'),
('62','12'),
('62','16'),
('63','29'),
('64','55'),
('64','74'),
('64','75'),
('66','60'),
('67','38'),
('69','35'),
('70','69'),
('71','46'),
('72','8'),
('72','17'),
('72','57'),
('73','14'),
('74','57'),
('75','52'),
('78','17'),
('80','23'),
('82','18'),
('82','26'),
('83','14'),
('83','20'),
('83','41'),
('83','72'),
('86','49'),
('86','69'),
('88','58'),
('91','67'),
('92','11'),
('94','48'),
('96','34'),
('97','27'); 




/*!40101 SET SQL_MODE=@OLD_SQL_MODE */;
/*!40014 SET FOREIGN_KEY_CHECKS=@OLD_FOREIGN_KEY_CHECKS */;
/*!40014 SET UNIQUE_CHECKS=@OLD_UNIQUE_CHECKS */;
/*!40101 SET CHARACTER_SET_CLIENT=@OLD_CHARACTER_SET_CLIENT */;
/*!40101 SET CHARACTER_SET_RESULTS=@OLD_CHARACTER_SET_RESULTS */;
/*!40101 SET COLLATION_CONNECTION=@OLD_COLLATION_CONNECTION */;
/*!40111 SET SQL_NOTES=@OLD_SQL_NOTES */;

